UPC,Planogram
2114000005.0,27832.0
2114000006.0,27832.0
2114001629.0,27832.0
2114001630.0,27832.0
2114001632.0,27832.0
2114001633.0,27832.0
2114001634.0,27832.0
2114001635.0,27832.0
2114001636.0,27832.0
2114012205.0,27832.0
2114012208.0,27832.0
2114012209.0,27832.0
2114079552.0,27832.0
2550000034.0,27832.0
2550000227.0,27832.0
2550000228.0,27832.0
2550000233.0,27832.0
2550000365.0,27832.0
2550000374.0,27832.0
2550000376.0,27832.0
2550000380.0,27832.0
2550000392.0,27832.0
2550006763.0,27832.0
2550006874.0,27832.0
2550020170.0,27832.0
2550020188.0,27832.0
2550020421.0,27832.0
2550020527.0,27832.0
2550020529.0,27832.0
2550020532.0,27832.0
2550020534.0,27832.0
2550020536.0,27832.0
2550020538.0,27832.0
2550020540.0,27832.0
2550020544.0,27832.0
2800046631.0,27832.0
2800046942.0,27832.0
2800054231.0,27832.0
2800084909.0,27832.0
3680034313.0,27832.0
3680037972.0,27832.0
3680037973.0,27832.0
4300002922.0,27832.0
4300002945.0,27832.0
4300002946.0,27832.0
4300002948.0,27832.0
4300002949.0,27832.0
4300002951.0,27832.0
4300003283.0,27832.0
4300004648.0,27832.0
4300004658.0,27832.0
4300004661.0,27832.0
4300005133.0,27832.0
4300070214.0,27832.0
4300070590.0,27832.0
4300070865.0,27832.0
4300079460.0,27845.0
4790010723.0,27832.0
4790011119.0,27832.0
5000046298.0,27832.0
7103800044.0,27832.0
7103800141.0,27832.0
7103800148.0,27832.0
7232300333.0,27832.0
7232300334.0,27832.0
7447100055.0,27832.0
7447100210.0,27832.0
60788002227.0,27832.0
60788002218.0,27832.0
60788002793.0,27832.0
60788002226.0,27832.0
60788002217.0,27832.0
60788002215.0,27832.0
60788002231.0,27832.0
60788002221.0,27832.0
60788002222.0,27832.0
60788002229.0,27832.0
60788002228.0,27832.0
60788002795.0,27832.0
60788002220.0,27832.0
60788002323.0,27832.0
60788002219.0,27832.0
66576850017.0,27832.0
66576850019.0,27832.0
66576850013.0,27832.0
66576850009.0,27832.0
66576850015.0,27832.0
66576850010.0,27832.0
7056820010.0,27832.0
7056810040.0,27832.0
7056850055.0,27832.0
4300006065.0,27832.0
4300005534.0,27832.0
4300006346.0,27832.0
4300005533.0,27832.0
4300005535.0,27832.0
4300006086.0,27832.0
4300006064.0,27832.0
9955508050.0,27832.0
9955508520.0,27832.0
5543762270.0,27845.0
5543761241.0,27845.0
5543762440.0,27845.0
5543762441.0,27845.0
5543762410.0,27845.0
5543762912.0,27845.0
60788010090.0,27832.0
3825910461.0,27832.0
4300070992.0,27832.0
2550072909.0,27832.0
7762300066.0,27832.0
4300007153.0,27832.0
4300007151.0,27832.0
2550000366.0,27832.0
4300007056.0,27832.0
3825910459.0,27832.0
3825910464.0,27832.0
60788010088.0,27832.0
7447110101.0,27832.0
3825910462.0,27832.0
7232300014.0,27832.0
2550000229.0,27832.0
3825910466.0,27832.0
7447101720.0,27832.0
3825910465.0,27832.0
3825910463.0,27832.0
3825910460.0,27832.0
4300007551.0,27832.0
4300007545.0,27832.0
4300007552.0,27832.0
2550000384.0,27832.0
60788010087.0,27832.0
7056850040.0,27832.0
4300006315.0,27832.0
3825910458.0,27832.0
2550000371.0,27832.0
2550007085.0,27832.0
60788002216.0,27832.0
60788002223.0,27832.0
60788002224.0,27832.0
60788002225.0,27832.0
60788002321.0,27832.0
1291901220.0,27832.0
1291901224.0,27832.0
2550020040.0,27832.0
2550020043.0,27832.0
2550020044.0,27832.0
2550020212.0,27832.0
7017751304.0,27832.0
7017751305.0,27832.0
9955501250.0,27832.0
9955508003.0,27832.0
9955508051.0,27832.0
9955508061.0,27832.0
9955508205.0,27832.0
9955508206.0,27832.0
9955508207.0,27832.0
9955508208.0,27832.0
9955508225.0,27832.0
9955508300.0,27832.0
9955508308.0,27832.0
9955508516.0,27832.0
9955508527.0,27832.0
9955508534.0,27832.0
9955508588.0,27832.0
9955508652.0,27832.0
9955508663.0,27832.0
9955508792.0,27832.0
9955508832.0,27832.0
9955508922.0,27832.0
9955508934.0,27832.0
2800020418.0,27832.0
2800025406.0,27832.0
2800025479.0,27832.0
2800025553.0,27832.0
2800029551.0,27832.0
2800029830.0,27832.0
2800030110.0,27832.0
2800030250.0,27832.0
2800030430.0,27832.0
2800032620.0,27832.0
2800032647.0,27832.0
2800036485.0,27832.0
2800037276.0,27832.0
2800037461.0,27832.0
2800039331.0,27832.0
2800043939.0,27832.0
2800045357.0,27832.0
2800050247.0,27832.0
2800054465.0,27832.0
2800055137.0,27832.0
2800057307.0,27832.0
2800057915.0,27832.0
2800058938.0,27832.0
2800063141.0,27832.0
2800064251.0,27832.0
2800065429.0,27832.0
2800067536.0,27832.0
2800070322.0,27832.0
2800070612.0,27832.0
2800071456.0,27832.0
2800073556.0,27832.0
2800080137.0,27832.0
2800083191.0,27832.0
2800093879.0,27832.0
2800096046.0,27832.0
2800097425.0,27832.0
3256100610.0,27832.0
3256100625.0,27832.0
3256100630.0,27832.0
3256100635.0,27832.0
3256100640.0,27832.0
3256100645.0,27832.0
3256100655.0,27832.0
3256100675.0,27832.0
3256100680.0,27832.0
3256100690.0,27832.0
3256100695.0,27832.0
3256100700.0,27832.0
3256100705.0,27832.0
3307915017.0,27832.0
3402736948.0,27832.0
3554987349.0,27832.0
3554987365.0,27832.0
3554987839.0,27832.0
3570001909.0,27832.0
3570001910.0,27832.0
3570001911.0,27832.0
3570002090.0,27832.0
3570003050.0,27832.0
3570004516.0,27832.0
3570004519.0,27832.0
3570004521.0,27832.0
3570006910.0,27832.0
3570006923.0,27832.0
3570006924.0,27832.0
3570016264.0,27832.0
3570016265.0,27832.0
3570016266.0,27832.0
3570016267.0,27832.0
3570016268.0,27832.0
3570016270.0,27832.0
3570016271.0,27832.0
3570016273.0,27832.0
3570016295.0,27832.0
3570016296.0,27832.0
3570016304.0,27832.0
3570016305.0,27832.0
3570016308.0,27832.0
3570016310.0,27832.0
3570016311.0,27832.0
3570016312.0,27832.0
3570016313.0,27832.0
3570096502.0,27832.0
3606993433.0,27832.0
3606993480.0,27832.0
3606993509.0,27832.0
3606993510.0,27832.0
3606993519.0,27832.0
3606993527.0,27832.0
3606993529.0,27832.0
3606993864.0,27832.0
3606993865.0,27832.0
3606993878.0,27832.0
3606993880.0,27832.0
3606993903.0,27832.0
3606993905.0,27832.0
3606993906.0,27832.0
3606993908.0,27832.0
3606993912.0,27832.0
3606993995.0,27832.0
3606994008.0,27832.0
3606994009.0,27832.0
3606994079.0,27832.0
3606994081.0,27832.0
3606994082.0,27832.0
3606994097.0,27832.0
3606994130.0,27832.0
3606994131.0,27832.0
3606994132.0,27832.0
3606994133.0,27832.0
3606994168.0,27832.0
3606994208.0,27832.0
3606994209.0,27832.0
3606994278.0,27832.0
3606994279.0,27832.0
3606994395.0,27832.0
3606994396.0,27832.0
3606994397.0,27832.0
3606994407.0,27832.0
3606994408.0,27832.0
3606994411.0,27832.0
3606994412.0,27832.0
3606994413.0,27832.0
3606994414.0,27832.0
3606994484.0,27832.0
3680006598.0,27832.0
3680006599.0,27832.0
3680006600.0,27832.0
3680014497.0,27832.0
3680029193.0,27832.0
3680077197.0,27832.0
3825910469.0,27832.0
3825910470.0,27832.0
3825910471.0,27832.0
3825910472.0,27832.0
3825910473.0,27832.0
3825910474.0,27832.0
3825910475.0,27832.0
3825910476.0,27832.0
3825910477.0,27832.0
3825910478.0,27832.0
3825910479.0,27832.0
3825910480.0,27832.0
3825910481.0,27832.0
3825910482.0,27832.0
3825910483.0,27832.0
3825910484.0,27832.0
3825910485.0,27832.0
387000000000.0,27832.0
387000000000.0,27832.0
387000000000.0,27832.0
387000000000.0,27832.0
3890007301.0,27832.0
401000000000.0,27832.0
4050000837.0,27832.0
4300006712.0,27832.0
4300006713.0,27832.0
4300006739.0,27832.0
4300006744.0,27832.0
4300006762.0,27832.0
4300006862.0,27832.0
4300006863.0,27832.0
4300006864.0,27832.0
4300006877.0,27832.0
4300006898.0,27832.0
4300007027.0,27832.0
4300007029.0,27832.0
4300007038.0,27832.0
4300007039.0,27832.0
4300007042.0,27832.0
4300007043.0,27832.0
4300007049.0,27832.0
4300007050.0,27832.0
4300007051.0,27832.0
4300007076.0,27832.0
4300007116.0,27832.0
4300007118.0,27832.0
4300007152.0,27832.0
4300007299.0,27832.0
4300007319.0,27832.0
4300007329.0,27832.0
4300007359.0,27832.0
4300007567.0,27832.0
4300007572.0,27832.0
4300007574.0,27832.0
4300070130.0,27832.0
4300070170.0,27832.0
4300070215.0,27832.0
4300070994.0,27832.0
4300071085.0,27832.0
4300071602.0,27832.0
4300075105.0,27832.0
4300075305.0,27832.0
4300079333.0,27832.0
4300079374.0,27832.0
4300079389.0,27845.0
4300079400.0,27845.0
4300079475.0,27832.0
4300079650.0,27832.0
4300079830.0,27845.0
4406482332.0,27832.0
4790010110.0,27832.0
4790010927.0,27832.0
4790011113.0,27832.0
4790011135.0,27832.0
4790011323.0,27832.0
4790011423.0,27832.0
4790011523.0,27832.0
4790011723.0,27832.0
4790011823.0,27832.0
4790013121.0,27832.0
4790022420.0,27832.0
49000007399.0,27832.0
49000011731.0,27832.0
49000030139.0,27832.0
49000030368.0,27832.0
49900200417.0,27832.0
49900200727.0,27832.0
49900200981.0,27832.0
49900201009.0,27832.0
49900201087.0,27832.0
49900204040.0,27832.0
49900204062.0,27832.0
49900204071.0,27832.0
49900204114.0,27832.0
49900204124.0,27832.0
49900204149.0,27832.0
49900208769.0,27832.0
49900208771.0,27832.0
49900208787.0,27832.0
49900208824.0,27832.0
49900210838.0,27832.0
49900210985.0,27832.0
49900211014.0,27832.0
49900212382.0,27832.0
49900212856.0,27832.0
49900212914.0,27832.0
49900213025.0,27832.0
49900213467.0,27832.0
49900213742.0,27832.0
49900213902.0,27832.0
49900214079.0,27832.0
49900214241.0,27832.0
49900214430.0,27832.0
49900214718.0,27832.0
49900214809.0,27832.0
49900214814.0,27832.0
49900214832.0,27832.0
49900215057.0,27832.0
49900215109.0,27832.0
49900215207.0,27832.0
49900215213.0,27832.0
49900215282.0,27832.0
49900215287.0,27832.0
49900215383.0,27832.0
49900215440.0,27832.0
49900215535.0,27832.0
49900216150.0,27832.0
49900216159.0,27832.0
49900216459.0,27832.0
49900217425.0,27832.0
49900217618.0,27832.0
49900218635.0,27832.0
49900218636.0,27832.0
49900218640.0,27832.0
49900218641.0,27832.0
49900218643.0,27832.0
49900219367.0,27832.0
49900219384.0,27832.0
49900219387.0,27832.0
49900220447.0,27832.0
49900220510.0,27832.0
49900220511.0,27832.0
49900221620.0,27832.0
49900226368.0,27832.0
49900226847.0,27832.0
49900228649.0,27832.0
49900230090.0,27832.0
49900230295.0,27832.0
49900231214.0,27832.0
49900232073.0,27832.0
49900232851.0,27832.0
49900232892.0,27832.0
49900232998.0,27832.0
49900233087.0,27832.0
49900233407.0,27832.0
49900234328.0,27832.0
49900235612.0,27832.0
49900236098.0,27832.0
49900236099.0,27832.0
49900236100.0,27832.0
49900236101.0,27832.0
49900236977.0,27832.0
49900237248.0,27832.0
49900237470.0,27832.0
49900237646.0,27832.0
49900237820.0,27832.0
49900237821.0,27832.0
49900237823.0,27832.0
49900238025.0,27832.0
49900238026.0,27832.0
49900238028.0,27832.0
49900238029.0,27832.0
49900238103.0,27832.0
49900238336.0,27832.0
49900238444.0,27832.0
49900238545.0,27832.0
49900238994.0,27832.0
49900239137.0,27832.0
49900239241.0,27832.0
49900239242.0,27832.0
49900239278.0,27832.0
49900239488.0,27832.0
49900240200.0,27832.0
49900240205.0,27832.0
49900240206.0,27832.0
49900240207.0,27832.0
49900240208.0,27832.0
49900240209.0,27832.0
49900240210.0,27832.0
49900240211.0,27832.0
49900240212.0,27832.0
49900240932.0,27832.0
49900240951.0,27832.0
7024215892.0,27832.0
7024215894.0,27832.0
7056800055.0,27832.0
7056800057.0,27832.0
7056810010.0,27832.0
7056810020.0,27832.0
7056810035.0,27832.0
7056810070.0,27832.0
7056820310.0,27832.0
7056831205.0,27832.0
7056831211.0,27832.0
7056831213.0,27832.0
7056831216.0,27832.0
7056831217.0,27832.0
7056831218.0,27832.0
7059410022.0,27832.0
7089302816.0,27832.0
7089302862.0,27832.0
7089302863.0,27832.0
7089302864.0,27832.0
7089302865.0,27832.0
7089302868.0,27832.0
7089302869.0,27832.0
7089302916.0,27832.0
7089303161.0,27832.0
7103800042.0,27832.0
7103800045.0,27832.0
7103800047.0,27832.0
7103800048.0,27832.0
7103800053.0,27832.0
7103800056.0,27832.0
7103800058.0,27832.0
7103800059.0,27832.0
7103800111.0,27832.0
7103800128.0,27832.0
7103800135.0,27832.0
7103800136.0,27832.0
7103800139.0,27832.0
7103800142.0,27832.0
7103801172.0,27832.0
7103801174.0,27832.0
7103801175.0,27832.0
7103801199.0,27832.0
7103801216.0,27832.0
7103801218.0,27832.0
7103801219.0,27832.0
7103801253.0,27832.0
7103801254.0,27832.0
7103801255.0,27832.0
7103812000.0,27832.0
7103812001.0,27832.0
7103812002.0,27832.0
7103812004.0,27832.0
7103813000.0,27832.0
7107203003.0,27832.0
7129566012.0,27832.0
7129566015.0,27832.0
71375773000.0,27832.0
7140300001.0,27832.0
71537454404.0,27832.0
7167200103.0,27832.0
7167200115.0,27832.0
7167200117.0,27832.0
7167200118.0,27832.0
7167200128.0,27832.0
7167200130.0,27832.0
7167200131.0,27832.0
7167200132.0,27832.0
7167200135.0,27832.0
7167200140.0,27832.0
7167200141.0,27832.0
7167200205.0,27832.0
7167200210.0,27832.0
72010300207.0,27832.0
7205861021.0,27832.0
7205861023.0,27832.0
7205861025.0,27832.0
7205861028.0,27832.0
7205861484.0,27832.0
7205861485.0,27832.0
7205861486.0,27832.0
72177610005.0,27832.0
72177617019.0,27832.0
72253854118.0,27832.0
72253854119.0,27832.0
72253854121.0,27832.0
72253854125.0,27832.0
72253854137.0,27832.0
72253854143.0,27832.0
72253854516.0,27832.0
72253856000.0,27832.0
72253856002.0,27832.0
72253856003.0,27832.0
72253856004.0,27832.0
72253859013.0,27832.0
72253859500.0,27832.0
72253859504.0,27832.0
72253859508.0,27832.0
72253859509.0,27832.0
72253859512.0,27832.0
72253859516.0,27832.0
7232300015.0,27832.0
7232300080.0,27832.0
7232300335.0,27832.0
7232300338.0,27832.0
7232300376.0,27832.0
7232300467.0,27832.0
7232301118.0,27832.0
7232301969.0,27832.0
7232305017.0,27832.0
7232305022.0,27832.0
7232305044.0,27832.0
7232305077.0,27832.0
7232305078.0,27832.0
7232305079.0,27832.0
7232305121.0,27832.0
7232305122.0,27832.0
7232305226.0,27832.0
7232305228.0,27832.0
7236856990.0,27832.0
7247000602.0,27832.0
72958370010.0,27845.0
72958370019.0,27845.0
72958370034.0,27845.0
72958370045.0,27845.0
72958371042.0,27845.0
72958371086.0,27845.0
73142751933.0,27832.0
73142751946.0,27832.0
73214835003.0,27832.0
73214835005.0,27832.0
73214835009.0,27832.0
73234600059.0,27832.0
73341117771.0,27832.0
73341117773.0,27832.0
73341190405.0,27832.0
73621141563.0,27832.0
7365111710.0,27832.0
73684235554.0,27832.0
73738429100.0,27832.0
73738429101.0,27832.0
74164304264.0,27832.0
74164304265.0,27832.0
74164304266.0,27832.0
74164304267.0,27832.0
742000000000.0,27832.0
742000000000.0,27832.0
7426500329.0,27832.0
74370918003.0,27832.0
7447100078.0,27832.0
7447100104.0,27832.0
7447101721.0,27832.0
7447101740.0,27832.0
83425900526.0,27832.0
83425900527.0,27832.0
83425900705.0,27832.0
83425900732.0,27832.0
83765410860.0,27832.0
83765410862.0,27832.0
83765410870.0,27832.0
83765410872.0,27832.0
83765410874.0,27832.0
83825400452.0,27832.0
83825400479.0,27832.0
83825400498.0,27832.0
84085700258.0,27832.0
84608000001.0,27832.0
84963900003.0,27832.0
85088600105.0,27832.0
85088600106.0,27832.0
85088600108.0,27832.0
85088600110.0,27832.0
85094000210.0,27832.0
85129400450.0,27832.0
85129400451.0,27832.0
853000000000.0,27832.0
853000000000.0,27832.0
853000000000.0,27832.0
853000000000.0,27832.0
853000000000.0,27832.0
85393900010.0,27832.0
85393900014.0,27832.0
85393900016.0,27832.0
85393908100.0,27832.0
85413200039.0,27832.0
85416500515.0,27832.0
85419300529.0,27832.0
85419300530.0,27832.0
85419300531.0,27832.0
85606300240.0,27832.0
85619800400.0,27832.0
85619800401.0,27832.0
85619800402.0,27832.0
85689100671.0,27832.0
85697300418.0,27832.0
85704600400.0,27832.0
85704600401.0,27832.0
85704600402.0,27832.0
85704600404.0,27832.0
85704600411.0,27832.0
85704600415.0,27832.0
85857000500.0,27832.0
85857000501.0,27832.0
85857000502.0,27832.0
85910100424.0,27832.0
85994000288.0,27832.0
85994000290.0,27832.0
86352800010.0,27832.0
86352800011.0,27832.0
86352800012.0,27832.0
86352800013.0,27832.0
86352800016.0,27832.0
866000000000.0,27832.0
866000000000.0,27832.0
866000000000.0,27832.0
866000000000.0,27832.0
866000000000.0,27832.0
86763900000.0,27832.0
87694100327.0,27832.0
87694100357.0,27832.0
87694100428.0,27832.0
87694100545.0,27832.0
88133400050.0,27832.0
88133400052.0,27832.0
88133400053.0,27832.0
88133400122.0,27832.0
88133400148.0,27832.0
88133400149.0,27832.0
88133400150.0,27832.0
88133400151.0,27832.0
88133400231.0,27832.0
88133400232.0,27832.0
88133400235.0,27832.0
88133400248.0,27832.0
88133400249.0,27832.0
88133400250.0,27832.0
88133400253.0,27832.0
88133400254.0,27832.0
88133400255.0,27832.0
88133400276.0,27832.0
88133400278.0,27832.0
88133400302.0,27832.0
88133400647.0,27832.0
88133400648.0,27832.0
88133400649.0,27832.0
88133400650.0,27832.0
88133400651.0,27832.0
88133400654.0,27832.0
88133400655.0,27832.0
88133400656.0,27832.0
88133400657.0,27832.0
88133400659.0,27832.0
88133400661.0,27832.0
88133400663.0,27832.0
88133400678.0,27832.0
88133400679.0,27832.0
88133400680.0,27832.0
88133400681.0,27832.0
88133400690.0,27832.0
88133400694.0,27832.0
88133400695.0,27832.0
88133400696.0,27832.0
88133400697.0,27832.0
88133400842.0,27832.0
88133400873.0,27832.0
88133400961.0,27832.0
88133400970.0,27832.0
88133400984.0,27832.0
88133400988.0,27832.0
8903642200.0,27832.0
8903644265.0,27832.0
8903644266.0,27832.0
89042400024.0,27832.0
89042400028.0,27832.0
89042400030.0,27832.0
89042400034.0,27832.0
89042400036.0,27832.0
89042400040.0,27832.0
89042400041.0,27832.0
89042400042.0,27832.0
89042400045.0,27832.0
89042400046.0,27832.0
89172600157.0,27832.0
89172600170.0,27832.0
89172600171.0,27832.0
89305100102.0,27832.0
89305100108.0,27832.0
89750000125.0,27832.0
89750000129.0,27832.0
89757200202.0,27832.0
89757200208.0,27832.0
89757200211.0,27832.0
89990400003.0,27832.0
89990400007.0,27832.0
89990400010.0,27832.0
89990400013.0,27832.0
89990400015.0,27832.0
89990400019.0,27832.0
89990400090.0,27832.0
9017601021.0,27832.0
90201787907.0,27832.0
908000000000.0,27832.0
908000000000.0,27832.0
908000000000.0,27832.0
908000000000.0,27832.0
918000000000.0,27832.0
918000000000.0,27832.0
918000000000.0,27832.0
918000000000.0,27832.0
918000000000.0,27832.0
918000000000.0,27832.0
918000000000.0,27832.0
918000000000.0,27832.0
918000000000.0,27832.0
918000000000.0,27832.0
918000000000.0,27832.0
918000000000.0,27832.0
918000000000.0,27832.0
918000000000.0,27832.0
918000000000.0,27832.0
918000000000.0,27832.0
918000000000.0,27832.0
918000000000.0,27832.0
918000000000.0,27832.0
918000000000.0,27832.0
918000000000.0,27832.0
918000000000.0,27832.0
918000000000.0,27832.0
918000000000.0,27832.0
918000000000.0,27832.0
918000000000.0,27832.0
918000000000.0,27832.0
918000000000.0,27832.0
918000000000.0,27832.0
918000000000.0,27832.0
918000000000.0,27832.0
918000000000.0,27832.0
918000000000.0,27832.0
918000000000.0,27832.0
918000000000.0,27832.0
918000000000.0,27832.0
918000000000.0,27832.0
918000000000.0,27832.0
918000000000.0,27832.0
918000000000.0,27832.0
918000000000.0,27832.0
918000000000.0,27832.0
918000000000.0,27832.0
918000000000.0,27832.0
918000000000.0,27832.0
918000000000.0,27832.0
918000000000.0,27832.0
918000000000.0,27832.0
918000000000.0,27832.0
918000000000.0,27832.0
918000000000.0,27832.0
918000000000.0,27832.0
918000000000.0,27832.0
918000000000.0,27832.0
918000000000.0,27832.0
918000000000.0,27832.0
918000000000.0,27832.0
918000000000.0,27832.0
918000000000.0,27832.0
918000000000.0,27832.0
918000000000.0,27832.0
918000000000.0,27832.0
918000000000.0,27832.0
918000000000.0,27832.0
918000000000.0,27832.0
918000000000.0,27832.0
918000000000.0,27832.0
918000000000.0,27832.0
918000000000.0,27832.0
918000000000.0,27832.0
918000000000.0,27832.0
918000000000.0,27832.0
918000000000.0,27832.0
918000000000.0,27832.0
918000000000.0,27832.0
918000000000.0,27832.0
918000000000.0,27832.0
918000000000.0,27832.0
918000000000.0,27832.0
918000000000.0,27832.0
918000000000.0,27832.0
918000000000.0,27832.0
918000000000.0,27832.0
918000000000.0,27832.0
918000000000.0,27832.0
918000000000.0,27832.0
918000000000.0,27832.0
918000000000.0,27832.0
918000000000.0,27832.0
918000000000.0,27832.0
918000000000.0,27832.0
918000000000.0,27832.0
918000000000.0,27832.0
918000000000.0,27832.0
918000000000.0,27832.0
918000000000.0,27832.0
918000000000.0,27832.0
918000000000.0,27832.0
918000000000.0,27832.0
918000000000.0,27832.0
918000000000.0,27832.0
918000000000.0,27832.0
918000000000.0,27832.0
918000000000.0,27832.0
918000000000.0,27832.0
918000000000.0,27832.0
918000000000.0,27832.0
918000000000.0,27832.0
918000000000.0,27832.0
918000000000.0,27832.0
918000000000.0,27832.0
918000000000.0,27832.0
918000000000.0,27832.0
918000000000.0,27832.0
918000000000.0,27832.0
918000000000.0,27832.0
918000000000.0,27832.0
918000000000.0,27832.0
918000000000.0,27832.0
918000000000.0,27832.0
918000000000.0,27832.0
918000000000.0,27832.0
918000000000.0,27832.0
918000000000.0,27832.0
918000000000.0,27832.0
918000000000.0,27832.0
918000000000.0,27832.0
918000000000.0,27832.0
918000000000.0,27832.0
918000000000.0,27832.0
918000000000.0,27832.0
918000000000.0,27832.0
918000000000.0,27832.0
918000000000.0,27832.0
918000000000.0,27832.0
918000000000.0,27832.0
918000000000.0,27832.0
918000000000.0,27832.0
918000000000.0,27832.0
918000000000.0,27832.0
918000000000.0,27832.0
918000000000.0,27832.0
918000000000.0,27832.0
918000000000.0,27832.0
918000000000.0,27832.0
918000000000.0,27832.0
918000000000.0,27832.0
918000000000.0,27832.0
918000000000.0,27832.0
918000000000.0,27832.0
918000000000.0,27832.0
918000000000.0,27832.0
918000000000.0,27832.0
918000000000.0,27832.0
918000000000.0,27832.0
918000000000.0,27832.0
918000000000.0,27832.0
9190310101.0,27845.0
9190310111.0,27845.0
9190320101.0,27845.0
9190320111.0,27845.0
9190325101.0,27845.0
9190340101.0,27845.0
9190340111.0,27845.0
9190355101.0,27845.0
9190356101.0,27845.0
928000000000.0,27832.0
928000000000.0,27832.0
928000000000.0,27832.0
928000000000.0,27832.0
928000000000.0,27832.0
928000000000.0,27832.0
928000000000.0,27832.0
928000000000.0,27832.0
928000000000.0,27832.0
928000000000.0,27832.0
928000000000.0,27832.0
928000000000.0,27832.0
928000000000.0,27832.0
928000000000.0,27832.0
928000000000.0,27832.0
928000000000.0,27832.0
928000000000.0,27832.0
928000000000.0,27832.0
928000000000.0,27832.0
928000000000.0,27832.0
928000000000.0,27832.0
928000000000.0,27832.0
928000000000.0,27832.0
928000000000.0,27832.0
928000000000.0,27832.0
928000000000.0,27832.0
928000000000.0,27832.0
928000000000.0,27832.0
928000000000.0,27832.0
928000000000.0,27832.0
928000000000.0,27832.0
928000000000.0,27832.0
928000000000.0,27832.0
928000000000.0,27832.0
928000000000.0,27832.0
928000000000.0,27832.0
928000000000.0,27832.0
928000000000.0,27832.0
928000000000.0,27832.0
928000000000.0,27832.0
928000000000.0,27832.0
928000000000.0,27832.0
928000000000.0,27832.0
928000000000.0,27832.0
928000000000.0,27832.0
928000000000.0,27832.0
928000000000.0,27832.0
928000000000.0,27832.0
938000000000.0,27832.0
938000000000.0,27832.0
938000000000.0,27832.0
938000000000.0,27832.0
938000000000.0,27832.0
938000000000.0,27832.0
938000000000.0,27832.0
938000000000.0,27832.0
938000000000.0,27832.0
938000000000.0,27832.0
938000000000.0,27832.0
938000000000.0,27832.0
938000000000.0,27832.0
938000000000.0,27832.0
938000000000.0,27832.0
938000000000.0,27832.0
938000000000.0,27832.0
938000000000.0,27832.0
938000000000.0,27832.0
938000000000.0,27832.0
938000000000.0,27832.0
938000000000.0,27832.0
938000000000.0,27832.0
938000000000.0,27832.0
938000000000.0,27832.0
938000000000.0,27832.0
938000000000.0,27832.0
938000000000.0,27832.0
938000000000.0,27832.0
938000000000.0,27832.0
938000000000.0,27832.0
938000000000.0,27832.0
938000000000.0,27832.0
938000000000.0,27832.0
938000000000.0,27832.0
938000000000.0,27832.0
938000000000.0,27832.0
938000000000.0,27832.0
938000000000.0,27832.0
938000000000.0,27832.0
938000000000.0,27832.0
938000000000.0,27832.0
938000000000.0,27832.0
938000000000.0,27832.0
938000000000.0,27832.0
938000000000.0,27832.0
938000000000.0,27832.0
938000000000.0,27832.0
938000000000.0,27832.0
938000000000.0,27832.0
938000000000.0,27832.0
938000000000.0,27832.0
938000000000.0,27832.0
938000000000.0,27832.0
938000000000.0,27832.0
938000000000.0,27832.0
938000000000.0,27832.0
938000000000.0,27832.0
938000000000.0,27832.0
938000000000.0,27832.0
938000000000.0,27832.0
938000000000.0,27832.0
938000000000.0,27832.0
938000000000.0,27832.0
938000000000.0,27832.0
938000000000.0,27832.0
938000000000.0,27832.0
938000000000.0,27832.0
938000000000.0,27832.0
938000000000.0,27832.0
938000000000.0,27832.0
938000000000.0,27832.0
938000000000.0,27832.0
938000000000.0,27832.0
938000000000.0,27832.0
938000000000.0,27832.0
938000000000.0,27832.0
938000000000.0,27832.0
9419814302.0,27832.0
9419816002.0,27832.0
9419816202.0,27832.0
9419816802.0,27832.0
9419818602.0,27832.0
9419869532.0,27832.0
9419881831.0,27832.0
9419881839.0,27832.0
9419883231.0,27832.0
9419884331.0,27832.0
9419885831.0,27832.0
9419886031.0,27832.0
9419886231.0,27832.0
9419888239.0,27832.0
9419888439.0,27832.0
9419888539.0,27832.0
9419888639.0,27832.0
948000000000.0,27832.0
948000000000.0,27832.0
948000000000.0,27832.0
948000000000.0,27832.0
948000000000.0,27832.0
948000000000.0,27832.0
948000000000.0,27832.0
948000000000.0,27832.0
948000000000.0,27832.0
948000000000.0,27832.0
948000000000.0,27832.0
948000000000.0,27832.0
948000000000.0,27832.0
948000000000.0,27832.0
948000000000.0,27832.0
948000000000.0,27832.0
948000000000.0,27832.0
948000000000.0,27832.0
948000000000.0,27832.0
948000000000.0,27832.0
948000000000.0,27832.0
948000000000.0,27832.0
9955504615.0,27832.0
9955504616.0,27832.0
9955504666.0,27832.0
9955504671.0,27832.0
9955506003.0,27832.0
9955506110.0,27832.0
9955506520.0,27832.0
9955506772.0,27832.0
9955508005.0,27832.0
9955508010.0,27832.0
9955508012.0,27845.0
9955508013.0,27845.0
9955508026.0,27832.0
9955508305.0,27832.0
9955508306.0,27832.0
9955508405.0,27832.0
9955508406.0,27832.0
9955508407.0,27832.0
9955508408.0,27832.0
9955508423.0,27832.0
9955508425.0,27832.0
9955508435.0,27832.0
9955508444.0,27832.0
9955508521.0,27832.0
9955508531.0,27832.0
9955508532.0,27832.0
9955508539.0,27832.0
9955508541.0,27832.0
9955508556.0,27832.0
9955508557.0,27832.0
9955508558.0,27832.0
9955508634.0,27832.0
9955508640.0,27832.0
9955508641.0,27832.0
9955508650.0,27832.0
9955508651.0,27832.0
9955508653.0,27832.0
9955508655.0,27832.0
9955508656.0,27832.0
9955508657.0,27832.0
9955508659.0,27832.0
9955508660.0,27832.0
9955508661.0,27832.0
9955508662.0,27832.0
9955508664.0,27832.0
9955508665.0,27832.0
9955508670.0,27832.0
9955508717.0,27832.0
9955508718.0,27832.0
9955508758.0,27832.0
9955508801.0,27832.0
9955508802.0,27832.0
9955508803.0,27832.0
9955508804.0,27832.0
9955508806.0,27832.0
9955508807.0,27832.0
9955508825.0,27845.0
9955508880.0,27832.0
9955508881.0,27832.0
9955508882.0,27832.0
9955508991.0,27832.0
9955508992.0,27832.0
9955509309.0,27832.0
9955509513.0,27832.0
9955509516.0,27832.0
9955509517.0,27832.0
9955509610.0,27832.0
9955509612.0,27832.0
9955509803.0,27832.0
9955515101.0,27832.0
9955515114.0,27832.0
9955515123.0,27832.0
9955515154.0,27832.0
9955515170.0,27832.0
9955515171.0,27832.0
9955515172.0,27832.0
9955515173.0,27832.0
9955515174.0,27832.0
9955515234.0,27832.0
9955515272.0,27832.0
9955515285.0,27832.0
9955515607.0,27832.0
9955515626.0,27832.0
9955515854.0,27832.0
9955515855.0,27832.0
9955515856.0,27832.0
9955515876.0,27832.0
9955516553.0,27832.0
9955516554.0,27832.0
9955516833.0,27832.0
9955516842.0,27832.0
9955538520.0,27832.0
9955538570.0,27832.0
9955538602.0,27832.0
9955538663.0,27832.0
9955539521.0,27832.0
998000000000.0,27832.0
998000000000.0,27832.0
998000000000.0,27832.0
998000000000.0,27832.0
998000000000.0,27832.0
998000000000.0,27832.0
998000000000.0,27832.0
998000000000.0,27832.0
998000000000.0,27832.0
998000000000.0,27832.0
998000000000.0,27832.0
998000000000.0,27832.0
998000000000.0,27832.0
998000000000.0,27832.0
998000000000.0,27832.0
998000000000.0,27832.0
9955508999.0,27832.0
9955509734.0,27832.0
9955509849.0,27832.0
64964520091.0,27836.0
76211100109.0,27832.0
76211100139.0,27832.0
76211188810.0,27832.0
76211188811.0,27832.0
76211188812.0,27832.0
76211188813.0,27832.0
76211188818.0,27832.0
76211189531.0,27832.0
76211193025.0,27832.0
76211194958.0,27832.0
76211194960.0,27832.0
81693290043.0,27832.0
1291901218.0,27832.0
4100032818.0,27832.0
9955508060.0,27832.0
9955508250.0,27832.0
9955508533.0,27832.0
9955508572.0,27832.0
9955508589.0,27832.0
9955508672.0,27832.0
9955508723.0,27832.0
9955508800.0,27832.0
9955515111.0,27832.0
9955515113.0,27832.0
76211196677.0,27832.0
76211196679.0,27832.0
76211198639.0,27832.0
3825910467.0,27832.0
60788010089.0,27832.0
3825910468.0,27832.0
4300007588.0,27832.0
4300007582.0,27832.0
2800046298.0,27832.0
4300007583.0,27832.0
7447111322.0,27832.0
7447111252.0,27832.0
4300079470.0,27845.0
7447101108.0,27832.0
2800031385.0,27832.0
2800065085.0,27832.0
1840031255.0,27845.0
1840031257.0,27845.0
3680005691.0,27845.0
3680005692.0,27845.0
3680039714.0,27845.0
3680075032.0,27845.0
4127102590.0,27845.0
4200043295.0,27845.0
4300000332.0,27845.0
4300000333.0,27845.0
5000004595.0,27845.0
5000020708.0,27845.0
5000030132.0,27845.0
5000030152.0,27845.0
5000030162.0,27845.0
5000030212.0,27845.0
5000030302.0,27845.0
5000030622.0,27845.0
5000031474.0,27845.0
5000033480.0,27845.0
5000034101.0,27845.0
5000034103.0,27845.0
5000034934.0,27845.0
5000038825.0,27845.0
5000045817.0,27845.0
5000052517.0,27845.0
5000056024.0,27845.0
5000060236.0,27845.0
5000069225.0,27845.0
5150025627.0,27845.0
5543762275.0,27845.0
5543762460.0,27845.0
5543762909.0,27845.0
5543762952.0,27845.0
5543762955.0,27845.0
5543763118.0,27845.0
5543766358.0,27845.0
60788001221.0,27845.0
60788001222.0,27845.0
60788001223.0,27845.0
60788001224.0,27845.0
60788002371.0,27845.0
60788002375.0,27845.0
60788002947.0,27845.0
60788002948.0,27845.0
60788012093.0,27845.0
60788012095.0,27845.0
3450063156.0,27845.0
4127102591.0,27845.0
4300000487.0,27845.0
60788002376.0,27845.0
1840031251.0,27845.0
1840031294.0,27845.0
60788001220.0,27845.0
1114110002.0,27832.0
1114110022.0,27832.0
1114110029.0,27832.0
1114110040.0,27832.0
1114110196.0,27832.0
1114110230.0,27832.0
1114110275.0,27832.0
1114110291.0,27832.0
1114110526.0,27832.0
1291901215.0,27832.0
1291901216.0,27832.0
1291912212.0,27832.0
1291912231.0,27832.0
1291912261.0,27832.0
2451500872.0,27832.0
2451507291.0,27832.0
2451507297.0,27832.0
2451507347.0,27832.0
2451507356.0,27832.0
2550000234.0,27832.0
2550020042.0,27832.0
2550020121.0,27832.0
2550020145.0,27832.0
2550020173.0,27832.0
2550020408.0,27832.0
2550020496.0,27832.0
2550020497.0,27832.0
2800025566.0,27832.0
2800030450.0,27832.0
2800066850.0,27832.0
3256100057.0,27832.0
3256100515.0,27832.0
3256100520.0,27832.0
3256100540.0,27832.0
3256100580.0,27832.0
3256100590.0,27832.0
3256100595.0,27832.0
3256128353.0,27832.0
3570001815.0,27832.0
3570001820.0,27832.0
3570001855.0,27832.0
3570001857.0,27832.0
3570001896.0,27832.0
3570001904.0,27832.0
3570016261.0,27832.0
3570016262.0,27832.0
3570016263.0,27832.0
3570016298.0,27832.0
3680018285.0,27832.0
3680029189.0,27832.0
4300004296.0,27832.0
4300004297.0,27832.0
4300004298.0,27832.0
4300004299.0,27832.0
4300004300.0,27832.0
4300004301.0,27832.0
4300004650.0,27832.0
4300004651.0,27832.0
4300004652.0,27832.0
4300004656.0,27832.0
4300004657.0,27832.0
4300004660.0,27832.0
4300004981.0,27832.0
4300004986.0,27832.0
4300004992.0,27832.0
4300004998.0,27832.0
4300005000.0,27832.0
4300005001.0,27832.0
4300005530.0,27832.0
4300005532.0,27832.0
4300005764.0,27832.0
4300005772.0,27832.0
4300005779.0,27832.0
4300006190.0,27832.0
4300006194.0,27832.0
4300006313.0,27832.0
4300006314.0,27832.0
4300006316.0,27832.0
4300006352.0,27832.0
4300006353.0,27832.0
4300006702.0,27832.0
5100021305.0,27832.0
5100021307.0,27832.0
7017751541.0,27832.0
7056800051.0,27832.0
7056800053.0,27832.0
7056820312.0,27832.0
7056831203.0,27832.0
7056831209.0,27832.0
7103801215.0,27832.0
7103801217.0,27832.0
7510100571.0,27832.0
7732447052.0,27832.0
7732447059.0,27832.0
9955508654.0,27832.0
60788001091.0,27832.0
60788001092.0,27832.0
60788002316.0,27832.0
60788002324.0,27832.0
60788002794.0,27832.0
60788003168.0,27832.0
60788003169.0,27832.0
60788003170.0,27832.0
60788003171.0,27832.0
60788003280.0,27832.0
60788003281.0,27832.0
60788003282.0,27832.0
60788003283.0,27832.0
60788003284.0,27832.0
60788003286.0,27832.0
60788003287.0,27832.0
60788003288.0,27832.0
60788003360.0,27832.0
60788003361.0,27832.0
60788003362.0,27832.0
60788003363.0,27832.0
60788003364.0,27832.0
60788003365.0,27832.0
63976773458.0,27832.0
63976773463.0,27832.0
63976773466.0,27832.0
63976773469.0,27832.0
72253859000.0,27832.0
72253859507.0,27832.0
75211606009.0,27832.0
75211606011.0,27832.0
76211120605.0,27832.0
76211120611.0,27832.0
76211120613.0,27832.0
76211120625.0,27832.0
76211162287.0,27832.0
76211162290.0,27832.0
76211162291.0,27832.0
76211176611.0,27832.0
76211179575.0,27832.0
76604700407.0,27832.0
76604700409.0,27832.0
76604700433.0,27832.0
76604700434.0,27832.0
76604700435.0,27832.0
76604700436.0,27832.0
78260516106.0,27832.0
78260516107.0,27832.0
78260516110.0,27832.0
78260516150.0,27832.0
78260516152.0,27832.0
78778020000.0,27832.0
78778020018.0,27832.0
78778077010.0,27832.0
78778077014.0,27832.0
78778077016.0,27832.0
78778077018.0,27832.0
78778077024.0,27832.0
78778077039.0,27832.0
78778077042.0,27832.0
78778077054.0,27832.0
78778077056.0,27832.0
81468101196.0,27832.0
81468101228.0,27832.0
81693200850.0,27832.0
81693200853.0,27832.0
81693200856.0,27832.0
81693200859.0,27832.0
81693290042.0,27832.0
88133400046.0,27832.0
88133400047.0,27832.0
88133400048.0,27832.0
88133400049.0,27832.0
88133400051.0,27832.0
88133400070.0,27832.0
88133400136.0,27832.0
88133400212.0,27832.0
88133400298.0,27832.0
88133400299.0,27832.0
88133400300.0,27832.0
88133400301.0,27832.0
60788002792.0,27832.0
81693290041.0,27832.0
81468101227.0,27832.0
81468101230.0,27832.0
7447111393.0,27832.0
72253859503.0,27832.0
76211188997.0,27832.0
7056810025.0,27832.0
7103800145.0,27832.0
1114110271.0,27832.0
1291912050.0,27832.0
1291912211.0,27832.0
1291912310.0,27832.0
2114001518.0,27832.0
2114001519.0,27832.0
2114001520.0,27832.0
2114001521.0,27832.0
2114012227.0,27832.0
2114012228.0,27832.0
2114012229.0,27832.0
2114012230.0,27832.0
2114012231.0,27832.0
2114012232.0,27832.0
2114012233.0,27832.0
2114012262.0,27832.0
2114012263.0,27832.0
4195307505.0,27832.0
4195307506.0,27832.0
4195307507.0,27832.0
4195307508.0,27832.0
4300004294.0,27832.0
4300005765.0,27832.0
76211120603.0,27832.0
76211120612.0,27832.0
76211162285.0,27832.0
76211198521.0,27832.0
76604700406.0,27832.0
78778000010.0,27832.0
78778020008.0,27832.0
78778077019.0,27832.0
78778077031.0,27832.0
88133400071.0,27832.0
88133400076.0,27832.0
88133400279.0,27832.0
88133400280.0,27832.0
1114110210.0,27832.0
2550020163.0,27832.0
1114110180.0,27832.0
1291901113.0,27832.0
1291901206.0,27832.0
2550020136.0,27832.0
3570001897.0,27832.0
3570001898.0,27832.0
76211120604.0,27832.0
76211177858.0,27832.0
76211193448.0,27832.0
76604700405.0,27832.0
76604700408.0,27832.0
2114001866.0,27832.0
2114001867.0,27832.0
2114079553.0,27832.0
2114001522.0,27832.0
2114001523.0,27832.0
2114001524.0,27832.0
2114001637.0,27832.0
2114001638.0,27832.0
2114001861.0,27832.0
2114001862.0,27832.0
2114001863.0,27832.0
2114001864.0,27832.0
2114001892.0,27832.0
2114001893.0,27832.0
2114002909.0,27832.0
2114002910.0,27832.0
2114002911.0,27832.0
2114002912.0,27832.0
2114012225.0,27832.0
2228920592.0,27832.0
2264400635.0,27832.0
2264401372.0,27832.0
2294420676.0,27832.0
2294420677.0,27832.0
2294420678.0,27832.0
2294420818.0,27832.0
2294420872.0,27832.0
2451500974.0,27832.0
2451507252.0,27832.0
2451507254.0,27832.0
2451507257.0,27832.0
2451507264.0,27832.0
2451507309.0,27832.0
2451507312.0,27832.0
2451546756.0,27832.0
2500000249.0,27832.0
2500001091.0,27832.0
2528310422.0,27832.0
2528310896.0,27832.0
2550000032.0,27832.0
2550000047.0,27832.0
2550000080.0,27832.0
2550000125.0,27832.0
2550000195.0,27832.0
2550000198.0,27832.0
2550000231.0,27832.0
2550000232.0,27832.0
2550000275.0,27832.0
2550000276.0,27832.0
2550000288.0,27832.0
2550000367.0,27832.0
2550000368.0,27832.0
2550000375.0,27832.0
2550000377.0,27832.0
2550000381.0,27832.0
2550000385.0,27832.0
2550000387.0,27832.0
2550000388.0,27832.0
2550000389.0,27832.0
2550000393.0,27832.0
2550000397.0,27832.0
2550000398.0,27832.0
2550000401.0,27832.0
2550000402.0,27832.0
2550000435.0,27832.0
2550000442.0,27832.0
2550000444.0,27832.0
2550000518.0,27832.0
2550000533.0,27832.0
2550000538.0,27832.0
2550006848.0,27832.0
2550006849.0,27832.0
2550006858.0,27832.0
2550006895.0,27832.0
2550006950.0,27832.0
2550007043.0,27832.0
2550007044.0,27832.0
2550007083.0,27832.0
2550007098.0,27832.0
2550010129.0,27832.0
2550010130.0,27832.0
2550010136.0,27832.0
2550020007.0,27832.0
2550020025.0,27832.0
2550020027.0,27832.0
2550020028.0,27832.0
2550020029.0,27832.0
2550020082.0,27832.0
2550020083.0,27832.0
2550020085.0,27832.0
2550020088.0,27832.0
2550020091.0,27832.0
2550020106.0,27832.0
2550020128.0,27832.0
2550020134.0,27832.0
2550020138.0,27832.0
2550020139.0,27832.0
2550020140.0,27832.0
2550020153.0,27832.0
2550020172.0,27832.0
2550020174.0,27832.0
2550020204.0,27832.0
2550020222.0,27832.0
2550020231.0,27832.0
2550020242.0,27832.0
2550020283.0,27832.0
2550020285.0,27832.0
2550020289.0,27832.0
2550020291.0,27832.0
2550020361.0,27832.0
2550020391.0,27832.0
2550020392.0,27832.0
2550020393.0,27832.0
2550020394.0,27832.0
2550020406.0,27832.0
2550020410.0,27832.0
2550020419.0,27832.0
2550020449.0,27832.0
2550020465.0,27832.0
2550020493.0,27832.0
2550020500.0,27832.0
2550020508.0,27832.0
2550020513.0,27832.0
2550020515.0,27832.0
2550020517.0,27832.0
2550020542.0,27832.0
2550020546.0,27832.0
2550020548.0,27832.0
2550020558.0,27832.0
2550020574.0,27832.0
2550020575.0,27832.0
2550020627.0,27832.0
2550020629.0,27832.0
2550020636.0,27832.0
2550020764.0,27832.0
2550021095.0,27832.0
2550071836.0,27832.0
2550071876.0,27832.0
2550074928.0,27832.0
2550080031.0,27832.0
2550080035.0,27832.0
2550080117.0,27832.0
2550080202.0,27832.0
2550080258.0,27832.0
2550080273.0,27832.0
2550081121.0,27832.0
2550081122.0,27832.0
2550081123.0,27832.0
2550085202.0,27832.0
2550090015.0,27832.0
2550090030.0,27832.0
2550090045.0,27832.0
2598200011.0,27832.0
2800010242.0,27832.0
2800016135.0,27832.0
2800016707.0,27832.0
2800020253.0,27832.0
4119646442.0,27832.0
4119646451.0,27832.0
4119646455.0,27832.0
4133105236.0,27832.0
4133105238.0,27832.0
4133105243.0,27832.0
4141010023.0,27832.0
4141010031.0,27832.0
4141010039.0,27832.0
4141010041.0,27832.0
4141010042.0,27832.0
4141010071.0,27832.0
4141010073.0,27832.0
4141012175.0,27832.0
4141020221.0,27832.0
4141020228.0,27832.0
4141021318.0,27832.0
4144900545.0,27832.0
4195301178.0,27832.0
4195301275.0,27832.0
4195301549.0,27832.0
4195302552.0,27832.0
4195302602.0,27832.0
4195302709.0,27832.0
4195302931.0,27832.0
4195303615.0,27832.0
4195303835.0,27832.0
4195307518.0,27832.0
4195307519.0,27832.0
4300000004.0,27832.0
4300000008.0,27832.0
4300000016.0,27832.0
4300000048.0,27832.0
4300000329.0,27832.0
4300000330.0,27845.0
4300000331.0,27845.0
4300000394.0,27845.0
4300000396.0,27845.0
4300002943.0,27832.0
4300000443.0,27832.0
4300000444.0,27832.0
4300000445.0,27832.0
4300000447.0,27832.0
4300000452.0,27832.0
4300000456.0,27832.0
4300000476.0,27832.0
4300000478.0,27832.0
4300000479.0,27832.0
4300000488.0,27845.0
4300000489.0,27832.0
4300000494.0,27845.0
4300000501.0,27832.0
4300000626.0,27832.0
4300000689.0,27845.0
4300000691.0,27845.0
4300000695.0,27832.0
4300000881.0,27832.0
4300001055.0,27832.0
4300001306.0,27832.0
4300001308.0,27832.0
4300001309.0,27832.0
4300001322.0,27832.0
4300001793.0,27832.0
4300001940.0,27832.0
4300001941.0,27832.0
4300002800.0,27832.0
4300002923.0,27832.0
4300002924.0,27832.0
4300002925.0,27832.0
4300002926.0,27832.0
4300002931.0,27832.0
4300002934.0,27832.0
4300002935.0,27832.0
4300002936.0,27832.0
4300002940.0,27832.0
4300002941.0,27832.0
4300002944.0,27832.0
4300002947.0,27832.0
4300002984.0,27832.0
4300002987.0,27832.0
4300003282.0,27832.0
4300003301.0,27832.0
4300004086.0,27832.0
4300004295.0,27832.0
4300004303.0,27832.0
4300004304.0,27832.0
4300004395.0,27832.0
4300004467.0,27832.0
4300004520.0,27832.0
4300004551.0,27832.0
4300004647.0,27832.0
4300004659.0,27832.0
4300004681.0,27832.0
4300004687.0,27832.0
4300004697.0,27832.0
4300004707.0,27832.0
4300004708.0,27832.0
4300004987.0,27832.0
4300004988.0,27832.0
4300004989.0,27832.0
4300004990.0,27832.0
4300004991.0,27832.0
4300004993.0,27832.0
4300004994.0,27832.0
4300004995.0,27832.0
4300004996.0,27832.0
4300004997.0,27832.0
4300005123.0,27832.0
4300005134.0,27832.0
4300005531.0,27832.0
4300005717.0,27832.0
4300005718.0,27832.0
4300005719.0,27832.0
4300005721.0,27832.0
4300005722.0,27832.0
4300005723.0,27832.0
4300005724.0,27832.0
4300005725.0,27832.0
4300005726.0,27832.0
4300005775.0,27832.0
4300005776.0,27832.0
4300005778.0,27832.0
4300005839.0,27832.0
4300005840.0,27832.0
4300005841.0,27832.0
4300006002.0,27832.0
4300006003.0,27832.0
4300006005.0,27832.0
4300006066.0,27832.0
4300006067.0,27832.0
4300006087.0,27832.0
4300006234.0,27832.0
4300006235.0,27832.0
4300006236.0,27832.0
4300006237.0,27832.0
4300006238.0,27832.0
4300006244.0,27832.0
4300006310.0,27832.0
4300006364.0,27832.0
4300006384.0,27832.0
4300006394.0,27832.0
4300006482.0,27832.0
4300006498.0,27832.0
4300006568.0,27832.0
4300006655.0,27832.0
4300006656.0,27832.0
4300006657.0,27832.0
4300006692.0,27832.0
4300006706.0,27832.0
4300006707.0,27832.0
4300006708.0,27832.0
4300006709.0,27832.0
4300006710.0,27832.0
4300006711.0,27832.0
49900241567.0,27832.0
49900241711.0,27832.0
49900241712.0,27832.0
49900241713.0,27832.0
49900242102.0,27832.0
49900242105.0,27832.0
49900242271.0,27832.0
49900242408.0,27832.0
49900242409.0,27832.0
49900242465.0,27832.0
49900242729.0,27832.0
49900242927.0,27832.0
49900243512.0,27832.0
49900289373.0,27832.0
49900293766.0,27832.0
49900294532.0,27832.0
49900294533.0,27832.0
49900294534.0,27832.0
49900295903.0,27832.0
49900298075.0,27832.0
49900298076.0,27832.0
49955288435.0,27832.0
49955288436.0,27832.0
49955288568.0,27832.0
49955288611.0,27832.0
49955288613.0,27832.0
49955288793.0,27832.0
49955288799.0,27832.0
49999230836.0,27832.0
5100021510.0,27832.0
5100021511.0,27832.0
5150050049.0,27832.0
5150050051.0,27832.0
5150050053.0,27832.0
528000000000.0,27832.0
528000000000.0,27832.0
5541531944.0,27832.0
5543760142.0,27832.0
5543760186.0,27832.0
5543760235.0,27832.0
5543760236.0,27832.0
5543760239.0,27832.0
5543760248.0,27832.0
5543760253.0,27832.0
5543760255.0,27832.0
5543760256.0,27832.0
5543760257.0,27832.0
5543760521.0,27832.0
5543775448.0,27832.0
5543775449.0,27832.0
5543775450.0,27832.0
5543775453.0,27832.0
5543775740.0,27832.0
5543775741.0,27832.0
5543775742.0,27832.0
5543775743.0,27832.0
5543775750.0,27832.0
5543775751.0,27832.0
5543775752.0,27832.0
60683800002.0,27832.0
60683800023.0,27832.0
60683800027.0,27832.0
60788001085.0,27832.0
60788001088.0,27832.0
60788001093.0,27832.0
60788001094.0,27832.0
60788001095.0,27832.0
60788001096.0,27832.0
60788002234.0,27832.0
60788002239.0,27832.0
60788002317.0,27832.0
60788002322.0,27832.0
60788002325.0,27832.0
60788002575.0,27832.0
60788002576.0,27832.0
60788002577.0,27832.0
60788002578.0,27832.0
60788002579.0,27832.0
60788002720.0,27832.0
60788002818.0,27832.0
60788002819.0,27832.0
60788002820.0,27832.0
60788002821.0,27832.0
60788003042.0,27832.0
60788003043.0,27832.0
60788003044.0,27832.0
60788003045.0,27832.0
60788003285.0,27832.0
60788004082.0,27832.0
60788004083.0,27832.0
61124735023.0,27832.0
61124735024.0,27832.0
61124735057.0,27832.0
61124735069.0,27832.0
61124735070.0,27832.0
61124735071.0,27832.0
61124735072.0,27832.0
61124735084.0,27832.0
61124735089.0,27832.0
61124735090.0,27832.0
61124735091.0,27832.0
61124735103.0,27832.0
61124735146.0,27832.0
61124735147.0,27832.0
61124735148.0,27832.0
61124735149.0,27832.0
61124735163.0,27832.0
61124735172.0,27832.0
61124735173.0,27832.0
61124735174.0,27832.0
61124735175.0,27832.0
61124735239.0,27832.0
61124735240.0,27832.0
61124735241.0,27832.0
61124735242.0,27832.0
61124735243.0,27832.0
61124735250.0,27832.0
61124735251.0,27832.0
61124735252.0,27832.0
61124735253.0,27832.0
61124735286.0,27832.0
61124735287.0,27832.0
61124735288.0,27832.0
61124735289.0,27832.0
61124735337.0,27832.0
61124735341.0,27832.0
61124735396.0,27832.0
61124735397.0,27832.0
61124735432.0,27832.0
61124735436.0,27832.0
61124735439.0,27832.0
61124735475.0,27832.0
61124735476.0,27832.0
61124735477.0,27832.0
61124735484.0,27832.0
61124735485.0,27832.0
61124735486.0,27832.0
61124735487.0,27832.0
61124735492.0,27832.0
61124735493.0,27832.0
61124735494.0,27832.0
61124735496.0,27832.0
61124735499.0,27832.0
61124735501.0,27832.0
61124735508.0,27832.0
61124735513.0,27832.0
61124735546.0,27832.0
61124735555.0,27832.0
61124735806.0,27832.0
61124735808.0,27832.0
61124735812.0,27832.0
61124735813.0,27832.0
61124736044.0,27832.0
61124736079.0,27832.0
61124736086.0,27832.0
61124736130.0,27832.0
61124736133.0,27832.0
61124736282.0,27832.0
61124736340.0,27832.0
61124736472.0,27832.0
61914000795.0,27832.0
61914000796.0,27832.0
61914000797.0,27832.0
61914000798.0,27832.0
6215123795.0,27832.0
6215153778.0,27832.0
6215196778.0,27832.0
6320905750.0,27832.0
6320905751.0,27832.0
6320907229.0,27832.0
63976773461.0,27832.0
63976773462.0,27832.0
63976773464.0,27832.0
63976773465.0,27832.0
63976773467.0,27832.0
63976773468.0,27832.0
63976773492.0,27832.0
63976773498.0,27832.0
64526421004.0,27832.0
64526450030.0,27832.0
64526450091.0,27832.0
64526450112.0,27832.0
64526450115.0,27832.0
64526450126.0,27832.0
64678300441.0,27832.0
64678310371.0,27832.0
64678315465.0,27832.0
64678316535.0,27832.0
64678318201.0,27832.0
64678318961.0,27832.0
64678330391.0,27832.0
64678332145.0,27832.0
64765412124.0,27832.0
64765412128.0,27832.0
64765461108.0,27832.0
64964500402.0,27832.0
64964510309.0,27832.0
64964554201.0,27832.0
64964556200.0,27832.0
64964560224.0,27832.0
65272912955.0,27832.0
65334130500.0,27832.0
65334130590.0,27832.0
65728447136.0,27832.0
65728471946.0,27832.0
65728472702.0,27832.0
65728472709.0,27832.0
65728472716.0,27832.0
65728472831.0,27832.0
65728476894.0,27832.0
65728476899.0,27832.0
66350500206.0,27832.0
66576804045.0,27832.0
66576862506.0,27832.0
66576862508.0,27832.0
66576862527.0,27832.0
66576862528.0,27832.0
66576862553.0,27832.0
66576862557.0,27832.0
66576862560.0,27832.0
66576862584.0,27832.0
66576862586.0,27832.0
66576862599.0,27832.0
66576862600.0,27832.0
66576862601.0,27832.0
66739800756.0,27832.0
66739800757.0,27832.0
66739800758.0,27832.0
66739800759.0,27832.0
66739800870.0,27832.0
6689326900.0,27832.0
6689326905.0,27832.0
6689326915.0,27832.0
6689326920.0,27832.0
67791000403.0,27832.0
6826550010.0,27832.0
68544320411.0,27832.0
68610323102.0,27832.0
68610323106.0,27832.0
68610323214.0,27832.0
68610323220.0,27832.0
68610343102.0,27832.0
68610343218.0,27832.0
68610363112.0,27832.0
68610363204.0,27832.0
68610363208.0,27832.0
68610363210.0,27832.0
68610364204.0,27832.0
68610364210.0,27832.0
68692406666.0,27832.0
68907625177.0,27832.0
68907645735.0,27832.0
68907645755.0,27832.0
68907647337.0,27832.0
68907647347.0,27832.0
68907647367.0,27832.0
68907647377.0,27832.0
68907647387.0,27832.0
68907647397.0,27832.0
68907647437.0,27832.0
69800912001.0,27832.0
69800912002.0,27832.0
69800912101.0,27832.0
69800912102.0,27832.0
69800981002.0,27832.0
7004202.0,27832.0
70075513488.0,27832.0
70075513491.0,27832.0
70075513492.0,27832.0
70075513493.0,27832.0
70075513508.0,27832.0
70075513512.0,27832.0
70201461228.0,27832.0
7022100169.0,27832.0
7022100170.0,27832.0
7022100598.0,27832.0
7024210245.0,27832.0
7024210246.0,27832.0
7024210247.0,27832.0
7024210248.0,27832.0
7024210249.0,27832.0
7024210261.0,27832.0
7024210262.0,27832.0
7024210263.0,27832.0
7024210265.0,27832.0
7024210656.0,27832.0
7024210662.0,27832.0
7024210667.0,27832.0
7024211922.0,27832.0
7024212015.0,27832.0
7024212016.0,27832.0
7024212031.0,27832.0
7024212032.0,27832.0
7024212034.0,27832.0
7024212035.0,27832.0
7024212036.0,27832.0
7024212038.0,27832.0
7024212040.0,27832.0
7024212045.0,27832.0
7024212074.0,27832.0
7024212085.0,27832.0
7024212498.0,27832.0
7024212528.0,27832.0
7024213354.0,27832.0
7024214120.0,27832.0
7024214151.0,27832.0
7024214912.0,27832.0
7024214913.0,27832.0
7024215881.0,27832.0
7024215882.0,27832.0
7024215883.0,27832.0
7024215886.0,27832.0
7024215887.0,27832.0
7024215889.0,27832.0
7024215891.0,27832.0
7447110117.0,27832.0
7447111102.0,27832.0
7447111259.0,27832.0
7447111267.0,27832.0
7447111302.0,27832.0
7447111397.0,27832.0
7447111539.0,27832.0
7447111599.0,27832.0
74825209895.0,27832.0
74825209915.0,27832.0
74832500056.0,27832.0
74832500057.0,27832.0
750000000000.0,27832.0
750000000000.0,27832.0
7502602010.0,27832.0
7510100574.0,27832.0
7510100575.0,27832.0
7510100576.0,27832.0
7510100581.0,27832.0
7510100848.0,27832.0
7510100965.0,27832.0
7510121033.0,27832.0
7510121064.0,27832.0
7510121065.0,27832.0
7510181458.0,27832.0
75122832010.0,27832.0
75122832052.0,27832.0
75122852010.0,27832.0
75122852014.0,27832.0
75122852052.0,27832.0
75122852086.0,27832.0
75123088342.0,27832.0
75123088344.0,27832.0
75123088813.0,27832.0
75123088816.0,27832.0
75123088819.0,27832.0
75123088822.0,27832.0
7515706880.0,27832.0
7515707460.0,27832.0
7515707461.0,27832.0
75204138035.0,27832.0
75211606000.0,27832.0
75211606002.0,27832.0
75211606003.0,27832.0
75211606004.0,27832.0
75211606005.0,27832.0
75211606013.0,27832.0
75436911865.0,27832.0
75798286638.0,27832.0
75917121612.0,27832.0
75917130201.0,27832.0
761000000000.0,27832.0
761000000000.0,27832.0
761000000000.0,27832.0
76211100098.0,27832.0
76211100099.0,27832.0
76211100100.0,27832.0
76211100137.0,27832.0
76211100937.0,27832.0
76211100941.0,27832.0
76211101055.0,27832.0
76211101068.0,27832.0
76211101142.0,27832.0
76211101259.0,27832.0
76211101260.0,27832.0
76211101266.0,27832.0
76211101364.0,27832.0
76211101439.0,27832.0
76211101922.0,27832.0
76211102089.0,27832.0
76211102129.0,27832.0
76211102130.0,27832.0
76211102714.0,27832.0
76211103064.0,27832.0
76211103099.0,27832.0
76211103103.0,27832.0
76211103107.0,27832.0
76211103113.0,27832.0
76211103117.0,27832.0
76211105457.0,27832.0
76211105458.0,27832.0
76211105603.0,27832.0
76211106547.0,27832.0
76211106548.0,27832.0
76211106549.0,27832.0
76211106550.0,27832.0
76211106552.0,27832.0
76211106554.0,27832.0
76211107360.0,27832.0
76211108024.0,27832.0
76211108028.0,27832.0
76211108842.0,27832.0
76211109328.0,27832.0
76211109333.0,27832.0
76211110395.0,27832.0
76211110555.0,27832.0
76211110676.0,27832.0
76211110677.0,27832.0
76211110678.0,27832.0
76211110935.0,27832.0
76211111441.0,27832.0
76211111664.0,27832.0
76211111665.0,27832.0
76211112535.0,27832.0
76211113135.0,27832.0
76211113802.0,27832.0
76211114275.0,27832.0
76211114345.0,27832.0
76211114720.0,27832.0
76211115331.0,27832.0
76211115332.0,27832.0
76211115333.0,27832.0
76211115802.0,27832.0
76211116503.0,27832.0
76211116543.0,27832.0
76211116544.0,27832.0
76211118288.0,27832.0
76211118289.0,27832.0
76211120602.0,27832.0
76211120609.0,27832.0
76211120624.0,27832.0
76211120673.0,27832.0
76211160051.0,27832.0
76211161460.0,27832.0
76211161490.0,27832.0
76211162284.0,27832.0
76211162286.0,27832.0
76211162289.0,27832.0
76211168142.0,27832.0
76211176029.0,27832.0
76211176044.0,27832.0
76211176045.0,27832.0
76211176612.0,27832.0
76211177857.0,27832.0
76211177859.0,27832.0
76211178629.0,27832.0
76211178633.0,27832.0
76211178846.0,27832.0
76211178847.0,27832.0
76211180372.0,27832.0
76211181032.0,27832.0
76211181056.0,27832.0
76211181059.0,27832.0
76211182443.0,27832.0
76211183793.0,27832.0
76211183944.0,27832.0
76211185292.0,27832.0
76211185310.0,27832.0
76211185323.0,27832.0
76211185397.0,27832.0
76211185399.0,27832.0
76211186981.0,27832.0
76211188123.0,27832.0
76211188485.0,27832.0
76211188512.0,27832.0
76211188543.0,27832.0
76211188553.0,27832.0
78535701288.0,27832.0
78535701289.0,27832.0
78535701371.0,27832.0
78535701411.0,27832.0
78535701412.0,27832.0
78535701413.0,27832.0
78535701414.0,27832.0
78535701418.0,27832.0
78535701419.0,27832.0
78535701420.0,27832.0
78535701422.0,27832.0
78535701424.0,27832.0
78535701425.0,27832.0
78535701450.0,27832.0
78535701451.0,27832.0
78535701496.0,27832.0
78535701497.0,27832.0
78535701506.0,27832.0
78535701507.0,27832.0
78535701509.0,27832.0
78535701535.0,27832.0
78535701536.0,27832.0
78535701599.0,27832.0
78535701627.0,27832.0
78535701709.0,27832.0
78535701712.0,27832.0
78535710041.0,27832.0
78535783160.0,27832.0
78535783196.0,27832.0
78535783406.0,27832.0
78535783656.0,27832.0
78778000013.0,27832.0
78778020002.0,27832.0
78778020009.0,27832.0
78778020010.0,27832.0
78778020014.0,27832.0
78778077013.0,27832.0
78778077015.0,27832.0
78778077021.0,27832.0
78778077025.0,27832.0
78778077026.0,27832.0
78778077032.0,27832.0
78778077033.0,27832.0
78778077040.0,27832.0
78778077041.0,27832.0
78778077043.0,27832.0
78778077053.0,27832.0
78778077055.0,27832.0
78778077105.0,27832.0
78778077106.0,27832.0
78778077108.0,27832.0
7888311121.0,27832.0
7888311139.0,27832.0
7889211103.0,27832.0
7889222207.0,27832.0
789000000000.0,27832.0
7893210001.0,27832.0
7893210002.0,27832.0
7893210003.0,27832.0
7893210004.0,27832.0
7893220651.0,27832.0
7893220652.0,27832.0
7893220653.0,27832.0
7893220654.0,27832.0
7893220655.0,27832.0
7893220891.0,27832.0
790000000000.0,27832.0
79357345777.0,27845.0
79357345778.0,27845.0
79357345779.0,27845.0
79357345780.0,27845.0
79849308140.0,27832.0
79849310320.0,27832.0
79849310365.0,27832.0
79849310366.0,27832.0
79849310367.0,27832.0
79849310368.0,27832.0
79849315933.0,27832.0
79849315934.0,27832.0
79849315935.0,27832.0
79849315955.0,27832.0
79849340065.0,27832.0
79849341230.0,27832.0
79849341231.0,27832.0
79849341469.0,27832.0
79849341798.0,27832.0
79849341799.0,27832.0
79849341800.0,27832.0
79849342329.0,27832.0
7997540003.0,27832.0
7997540031.0,27832.0
7997540047.0,27832.0
7997540059.0,27832.0
800000000000.0,27832.0
800000000000.0,27832.0
80022212012.0,27832.0
80022212041.0,27832.0
80022212084.0,27832.0
800000000000.0,27832.0
800000000000.0,27832.0
800000000000.0,27832.0
80487916923.0,27832.0
81068302133.0,27832.0
81068302136.0,27832.0
81068302137.0,27832.0
81068302170.0,27832.0
81068302172.0,27832.0
81068302173.0,27832.0
81068302174.0,27832.0
81068302203.0,27832.0
81068302223.0,27832.0
81068302224.0,27832.0
81068302481.0,27832.0
81068302482.0,27832.0
81068302483.0,27832.0
81068302484.0,27832.0
81068302485.0,27832.0
81468101185.0,27832.0
81468101189.0,27832.0
81468101193.0,27832.0
81468101194.0,27832.0
81468101195.0,27832.0
81468101248.0,27832.0
81468101268.0,27832.0
81468101269.0,27832.0
81468101274.0,27832.0
81487902295.0,27832.0
81487902296.0,27832.0
81487902297.0,27832.0
81487902298.0,27832.0
81487902313.0,27832.0
81693200039.0,27832.0
81693200110.0,27832.0
81693200111.0,27832.0
81801000005.0,27832.0
81801000013.0,27832.0
81839001094.0,27832.0
81839001282.0,27832.0
81856600621.0,27832.0
81856600622.0,27832.0
82209203567.0,27832.0
82209204678.0,27832.0
82209270016.0,27832.0
82209270025.0,27832.0
82209270027.0,27832.0
82209289005.0,27832.0
82209289020.0,27832.0
82209289021.0,27832.0
82209289022.0,27832.0
82209289023.0,27832.0
82209299998.0,27832.0
8284680221.0,27832.0
8284680462.0,27832.0
8298807001.0,27832.0
83355900630.0,27832.0
908000000000.0,27832.0
908000000000.0,27832.0
908000000000.0,27832.0
908000000000.0,27832.0
908000000000.0,27832.0
908000000000.0,27832.0
908000000000.0,27832.0
908000000000.0,27832.0
908000000000.0,27832.0
908000000000.0,27832.0
908000000000.0,27832.0
908000000000.0,27832.0
908000000000.0,27832.0
908000000000.0,27832.0
908000000000.0,27832.0
908000000000.0,27832.0
908000000000.0,27832.0
908000000000.0,27832.0
908000000000.0,27832.0
908000000000.0,27832.0
908000000000.0,27832.0
908000000000.0,27832.0
908000000000.0,27832.0
908000000000.0,27832.0
908000000000.0,27832.0
908000000000.0,27832.0
908000000000.0,27832.0
908000000000.0,27832.0
908000000000.0,27832.0
908000000000.0,27832.0
908000000000.0,27832.0
908000000000.0,27832.0
908000000000.0,27832.0
908000000000.0,27832.0
908000000000.0,27832.0
908000000000.0,27832.0
908000000000.0,27832.0
908000000000.0,27832.0
908000000000.0,27832.0
908000000000.0,27832.0
908000000000.0,27832.0
908000000000.0,27832.0
908000000000.0,27832.0
908000000000.0,27832.0
908000000000.0,27832.0
908000000000.0,27832.0
908000000000.0,27832.0
908000000000.0,27832.0
908000000000.0,27832.0
908000000000.0,27832.0
908000000000.0,27832.0
908000000000.0,27832.0
908000000000.0,27832.0
908000000000.0,27832.0
908000000000.0,27832.0
908000000000.0,27832.0
908000000000.0,27832.0
908000000000.0,27832.0
908000000000.0,27832.0
908000000000.0,27832.0
908000000000.0,27832.0
908000000000.0,27832.0
908000000000.0,27832.0
908000000000.0,27832.0
908000000000.0,27832.0
908000000000.0,27832.0
908000000000.0,27832.0
908000000000.0,27832.0
908000000000.0,27832.0
908000000000.0,27832.0
908000000000.0,27832.0
908000000000.0,27832.0
908000000000.0,27832.0
908000000000.0,27832.0
908000000000.0,27832.0
908000000000.0,27832.0
908000000000.0,27832.0
908000000000.0,27832.0
908000000000.0,27832.0
908000000000.0,27832.0
908000000000.0,27832.0
908000000000.0,27832.0
908000000000.0,27832.0
908000000000.0,27832.0
908000000000.0,27832.0
908000000000.0,27832.0
908000000000.0,27832.0
908000000000.0,27832.0
908000000000.0,27832.0
908000000000.0,27832.0
908000000000.0,27832.0
908000000000.0,27832.0
908000000000.0,27832.0
908000000000.0,27832.0
908000000000.0,27832.0
908000000000.0,27832.0
908000000000.0,27832.0
908000000000.0,27832.0
908000000000.0,27832.0
908000000000.0,27832.0
908000000000.0,27832.0
908000000000.0,27832.0
908000000000.0,27832.0
908000000000.0,27832.0
908000000000.0,27832.0
908000000000.0,27832.0
908000000000.0,27832.0
908000000000.0,27832.0
908000000000.0,27832.0
908000000000.0,27832.0
908000000000.0,27832.0
908000000000.0,27832.0
908000000000.0,27832.0
908000000000.0,27832.0
908000000000.0,27832.0
908000000000.0,27832.0
908000000000.0,27832.0
908000000000.0,27832.0
908000000000.0,27832.0
908000000000.0,27832.0
908000000000.0,27832.0
908000000000.0,27832.0
908000000000.0,27832.0
908000000000.0,27832.0
908000000000.0,27832.0
908000000000.0,27832.0
908000000000.0,27832.0
908000000000.0,27832.0
908000000000.0,27832.0
908000000000.0,27832.0
908000000000.0,27832.0
908000000000.0,27832.0
908000000000.0,27832.0
908000000000.0,27832.0
908000000000.0,27832.0
908000000000.0,27832.0
908000000000.0,27832.0
908000000000.0,27832.0
908000000000.0,27832.0
908000000000.0,27832.0
908000000000.0,27832.0
908000000000.0,27832.0
908000000000.0,27832.0
908000000000.0,27832.0
908000000000.0,27832.0
908000000000.0,27832.0
908000000000.0,27832.0
908000000000.0,27832.0
908000000000.0,27832.0
908000000000.0,27832.0
908000000000.0,27832.0
908000000000.0,27832.0
908000000000.0,27832.0
908000000000.0,27832.0
908000000000.0,27832.0
908000000000.0,27832.0
908000000000.0,27832.0
908000000000.0,27832.0
908000000000.0,27832.0
908000000000.0,27832.0
908000000000.0,27832.0
908000000000.0,27832.0
908000000000.0,27832.0
908000000000.0,27832.0
908000000000.0,27832.0
908000000000.0,27832.0
908000000000.0,27832.0
908000000000.0,27832.0
2550006764.0,27832.0
2800030050.0,27832.0
4300004646.0,27832.0
4300079450.0,27845.0
7232300086.0,27832.0
7232301545.0,27832.0
7447101100.0,27832.0
7447101102.0,27832.0
7447101112.0,27832.0
7447101705.0,27832.0
7447101745.0,27832.0
7447101802.0,27832.0
7447110103.0,27832.0
7447110105.0,27832.0
7447110111.0,27832.0
7447110113.0,27832.0
7447110121.0,27832.0
7447120101.0,27832.0
4300004091.0,27832.0
60788003289.0,27832.0
81693200862.0,27832.0
2114001868.0,27832.0
2114001871.0,27832.0
2800070821.0,27832.0
8903642280.0,27832.0
8903644200.0,27832.0
8903644280.0,27832.0
2800030100.0,27832.0
2114001865.0,27832.0
2114001872.0,27832.0
3570016275.0,27832.0
3570016279.0,27832.0
4790011121.0,27832.0
4790011124.0,27832.0
4790011126.0,27832.0
4790011921.0,27832.0
4790013123.0,27832.0
7056810030.0,27832.0
4790013125.0,27832.0
4300000458.0,27845.0
7024212041.0,27832.0
7024212042.0,27832.0
7024210251.0,27832.0
7103800144.0,27832.0
78260516151.0,27832.0
7447101710.0,27832.0
85994000239.0,27832.0
1066807503.0,27832.0
1066807519.0,27832.0
1066807521.0,27832.0
1066807524.0,27832.0
1066809211.0,27832.0
1066830100.0,27832.0
1066830104.0,27832.0
1066830105.0,27832.0
1066830109.0,27832.0
1066830113.0,27832.0
1066831001.0,27832.0
111410196.0,27832.0
1114110005.0,27832.0
1114110008.0,27832.0
1114110010.0,27832.0
1114110024.0,27832.0
1114110025.0,27832.0
1114110036.0,27832.0
1114110037.0,27832.0
1114110110.0,27832.0
1114110136.0,27832.0
1114110160.0,27832.0
1114110170.0,27832.0
1114110206.0,27832.0
1114110215.0,27832.0
1114110223.0,27832.0
1114110246.0,27832.0
1114110247.0,27832.0
1114110248.0,27832.0
1114110250.0,27832.0
1114110251.0,27832.0
1114110261.0,27832.0
1114110262.0,27832.0
1114110264.0,27832.0
1114110265.0,27832.0
1114110272.0,27832.0
1114110274.0,27832.0
1114110281.0,27832.0
1114110283.0,27832.0
1114110325.0,27832.0
1114110514.0,27832.0
1114110525.0,27832.0
1114110534.0,27832.0
1114110542.0,27832.0
1114110552.0,27832.0
1114110610.0,27832.0
1114110753.0,27832.0
1114110755.0,27832.0
1114190027.0,27832.0
1291900920.0,27832.0
1291900943.0,27832.0
1291900960.0,27832.0
1291901132.0,27832.0
1291901156.0,27832.0
1291901217.0,27832.0
1291901219.0,27832.0
1291901223.0,27832.0
1291901225.0,27832.0
1291912130.0,27832.0
1291912240.0,27832.0
1291912340.0,27832.0
1291967407.0,27832.0
1291967474.0,27832.0
1291967496.0,27832.0
1291998621.0,27832.0
14399380567.0,27832.0
14399380597.0,27832.0
14399380600.0,27832.0
14399380615.0,27832.0
1720220314.0,27832.0
1780900028.0,27832.0
1780900029.0,27832.0
1780900050.0,27832.0
1780900053.0,27832.0
1780900078.0,27832.0
1780900085.0,27832.0
1780900465.0,27832.0
1780900592.0,27832.0
1780900593.0,27832.0
1780900900.0,27832.0
1840001709.0,27845.0
1840001710.0,27832.0
1840001717.0,27845.0
1840001719.0,27845.0
1840001729.0,27832.0
1840001730.0,27832.0
1840001762.0,27845.0
1840002059.0,27845.0
1840031252.0,27845.0
1840031256.0,27845.0
1840031259.0,27845.0
1840031367.0,27845.0
1840031371.0,27845.0
1840031377.0,27845.0
1840031407.0,27832.0
1840031414.0,27845.0
1840031415.0,27845.0
1840031433.0,27845.0
1840031437.0,27845.0
1840031445.0,27845.0
1840031451.0,27845.0
1840033000.0,27832.0
1840033001.0,27832.0
1840033002.0,27832.0
1840043002.0,27845.0
1840080001.0,27845.0
1840080002.0,27845.0
1840080003.0,27845.0
1840080004.0,27845.0
1877514117.0,27832.0
2070040800.0,27832.0
2114000003.0,27832.0
2114000007.0,27832.0
76211188554.0,27832.0
76211188618.0,27832.0
76211188682.0,27832.0
76211188808.0,27832.0
76211188816.0,27832.0
76211188822.0,27832.0
76211188823.0,27832.0
76211188824.0,27832.0
76211188998.0,27832.0
76211189083.0,27832.0
76211189220.0,27832.0
76211189532.0,27832.0
76211189736.0,27832.0
76211190015.0,27832.0
76211190334.0,27832.0
76211191488.0,27832.0
76211191491.0,27832.0
76211191498.0,27832.0
76211191504.0,27832.0
76211191507.0,27832.0
76211191510.0,27832.0
76211191517.0,27832.0
76211191523.0,27832.0
76211192103.0,27832.0
76211192557.0,27832.0
76211192558.0,27832.0
76211192616.0,27832.0
76211192700.0,27832.0
76211192758.0,27832.0
76211192759.0,27832.0
76211193024.0,27832.0
76211193304.0,27832.0
76211193428.0,27832.0
76211193446.0,27832.0
76211193463.0,27832.0
76211193469.0,27832.0
76211193598.0,27832.0
76211194028.0,27832.0
76211194030.0,27832.0
76211194031.0,27832.0
76211194957.0,27832.0
76211194962.0,27832.0
76211194980.0,27832.0
76211195332.0,27832.0
76211196255.0,27832.0
76211196256.0,27832.0
76211196259.0,27832.0
76211196260.0,27832.0
76211196261.0,27832.0
76211196262.0,27832.0
76211196263.0,27832.0
76211196268.0,27832.0
76211196269.0,27832.0
76211196270.0,27832.0
76211196271.0,27832.0
76211196274.0,27832.0
76211196275.0,27832.0
76211196276.0,27832.0
76211196277.0,27832.0
76211196278.0,27832.0
76211196295.0,27832.0
76211196354.0,27832.0
76211196546.0,27832.0
76211196699.0,27832.0
76211197221.0,27832.0
76211197222.0,27832.0
76211197578.0,27832.0
76211197582.0,27832.0
76211197583.0,27832.0
76211198040.0,27832.0
76211198336.0,27832.0
76211198623.0,27832.0
76211198631.0,27832.0
76211198635.0,27832.0
76211198636.0,27832.0
76211198638.0,27832.0
76211198640.0,27832.0
76211199434.0,27832.0
76604700404.0,27832.0
76604700481.0,27832.0
76604700482.0,27832.0
76604700484.0,27832.0
76839550299.0,27832.0
76916700101.0,27832.0
76916700201.0,27832.0
76916700401.0,27832.0
76947720103.0,27832.0
76947784901.0,27832.0
76947784902.0,27832.0
76947784903.0,27832.0
76947784905.0,27832.0
770000000000.0,27832.0
770000000000.0,27832.0
7732403305.0,27832.0
7732405659.0,27832.0
7732433005.0,27832.0
7732433059.0,27832.0
7732447005.0,27832.0
7732447014.0,27832.0
7732447020.0,27832.0
7732447023.0,27832.0
7732447029.0,27832.0
7732447056.0,27832.0
7732447057.0,27832.0
7732447071.0,27832.0
7762300060.0,27832.0
7762300061.0,27832.0
779000000000.0,27832.0
779000000000.0,27832.0
779000000000.0,27832.0
779000000000.0,27832.0
779000000000.0,27832.0
7821655120.0,27832.0
7821655121.0,27832.0
7821655122.0,27832.0
7821655123.0,27832.0
7821655202.0,27832.0
7821655203.0,27832.0
78260516108.0,27832.0
78260516133.0,27832.0
78260516134.0,27832.0
78260516153.0,27832.0
78260516154.0,27832.0
78260516167.0,27832.0
78396300502.0,27832.0
78396300503.0,27832.0
78396300504.0,27832.0
78535700126.0,27832.0
78535700435.0,27832.0
78535700436.0,27832.0
78535700586.0,27832.0
78535700809.0,27832.0
78535700914.0,27832.0
78535701205.0,27832.0
78535701206.0,27832.0
78535701207.0,27832.0
78535701208.0,27832.0
78535701209.0,27832.0
78535701210.0,27832.0
78535701248.0,27832.0
78535701252.0,27832.0
78535701253.0,27832.0
78535701254.0,27832.0
78535701255.0,27832.0
78535701256.0,27832.0
78535701258.0,27832.0
78535701259.0,27832.0
78535701260.0,27832.0
78535701261.0,27832.0
78535701262.0,27832.0
78535701263.0,27832.0
78535701265.0,27832.0
78535701266.0,27832.0
78535701267.0,27832.0
78535701287.0,27832.0
908000000000.0,27832.0
908000000000.0,27832.0
908000000000.0,27832.0
908000000000.0,27832.0
908000000000.0,27832.0
908000000000.0,27832.0
908000000000.0,27832.0
908000000000.0,27832.0
908000000000.0,27832.0
908000000000.0,27832.0
908000000000.0,27832.0
908000000000.0,27832.0
908000000000.0,27832.0
908000000000.0,27832.0
908000000000.0,27832.0
908000000000.0,27832.0
908000000000.0,27832.0
908000000000.0,27832.0
908000000000.0,27832.0
908000000000.0,27832.0
908000000000.0,27832.0
908000000000.0,27832.0
908000000000.0,27832.0
908000000000.0,27832.0
908000000000.0,27832.0
908000000000.0,27832.0
908000000000.0,27832.0
908000000000.0,27832.0
908000000000.0,27832.0
908000000000.0,27832.0
908000000000.0,27832.0
908000000000.0,27832.0
908000000000.0,27832.0
908000000000.0,27832.0
908000000000.0,27832.0
908000000000.0,27832.0
908000000000.0,27832.0
908000000000.0,27832.0
908000000000.0,27832.0
908000000000.0,27832.0
908000000000.0,27832.0
908000000000.0,27832.0
908000000000.0,27832.0
908000000000.0,27832.0
908000000000.0,27832.0
908000000000.0,27832.0
908000000000.0,27832.0
908000000000.0,27832.0
908000000000.0,27832.0
908000000000.0,27832.0
908000000000.0,27832.0
908000000000.0,27832.0
908000000000.0,27832.0
908000000000.0,27832.0
908000000000.0,27832.0
908000000000.0,27832.0
908000000000.0,27832.0
908000000000.0,27832.0
908000000000.0,27832.0
908000000000.0,27832.0
908000000000.0,27832.0
908000000000.0,27832.0
908000000000.0,27832.0
908000000000.0,27832.0
908000000000.0,27832.0
908000000000.0,27832.0
908000000000.0,27832.0
908000000000.0,27832.0
908000000000.0,27832.0
908000000000.0,27832.0
908000000000.0,27832.0
908000000000.0,27832.0
908000000000.0,27832.0
908000000000.0,27832.0
908000000000.0,27832.0
908000000000.0,27832.0
908000000000.0,27832.0
908000000000.0,27832.0
908000000000.0,27832.0
908000000000.0,27832.0
908000000000.0,27832.0
908000000000.0,27832.0
908000000000.0,27832.0
908000000000.0,27832.0
908000000000.0,27832.0
908000000000.0,27832.0
908000000000.0,27832.0
908000000000.0,27832.0
908000000000.0,27832.0
908000000000.0,27832.0
908000000000.0,27832.0
908000000000.0,27832.0
908000000000.0,27832.0
908000000000.0,27832.0
908000000000.0,27832.0
908000000000.0,27832.0
908000000000.0,27832.0
908000000000.0,27832.0
908000000000.0,27832.0
908000000000.0,27832.0
908000000000.0,27832.0
9149400031.0,27832.0
918000000000.0,27832.0
918000000000.0,27832.0
918000000000.0,27832.0
918000000000.0,27832.0
918000000000.0,27832.0
918000000000.0,27832.0
918000000000.0,27832.0
918000000000.0,27832.0
918000000000.0,27832.0
918000000000.0,27832.0
918000000000.0,27832.0
918000000000.0,27832.0
918000000000.0,27832.0
918000000000.0,27832.0
918000000000.0,27832.0
918000000000.0,27832.0
918000000000.0,27832.0
918000000000.0,27832.0
918000000000.0,27832.0
918000000000.0,27832.0
918000000000.0,27832.0
918000000000.0,27832.0
918000000000.0,27832.0
918000000000.0,27832.0
918000000000.0,27832.0
918000000000.0,27832.0
918000000000.0,27832.0
918000000000.0,27832.0
918000000000.0,27832.0
918000000000.0,27832.0
918000000000.0,27832.0
918000000000.0,27832.0
918000000000.0,27832.0
918000000000.0,27832.0
918000000000.0,27832.0
918000000000.0,27832.0
918000000000.0,27832.0
918000000000.0,27832.0
918000000000.0,27832.0
918000000000.0,27832.0
918000000000.0,27832.0
918000000000.0,27832.0
918000000000.0,27832.0
918000000000.0,27832.0
918000000000.0,27832.0
918000000000.0,27832.0
918000000000.0,27832.0
918000000000.0,27832.0
918000000000.0,27832.0
918000000000.0,27832.0
918000000000.0,27832.0
918000000000.0,27832.0
918000000000.0,27832.0
918000000000.0,27832.0
918000000000.0,27832.0
918000000000.0,27832.0
918000000000.0,27832.0
918000000000.0,27832.0
918000000000.0,27832.0
918000000000.0,27832.0
918000000000.0,27832.0
918000000000.0,27832.0
918000000000.0,27832.0
918000000000.0,27832.0
918000000000.0,27832.0
918000000000.0,27832.0
9190357101.0,27845.0
9190359101.0,27845.0
9190360101.0,27845.0
9190361101.0,27845.0
9190394110.0,27845.0
9190394210.0,27845.0
9190394410.0,27845.0
9190394610.0,27845.0
92017879108.0,27832.0
92017879109.0,27832.0
928000000000.0,27832.0
928000000000.0,27832.0
928000000000.0,27832.0
928000000000.0,27832.0
928000000000.0,27832.0
928000000000.0,27832.0
928000000000.0,27832.0
928000000000.0,27832.0
928000000000.0,27832.0
928000000000.0,27832.0
928000000000.0,27832.0
928000000000.0,27832.0
928000000000.0,27832.0
928000000000.0,27832.0
928000000000.0,27832.0
928000000000.0,27832.0
928000000000.0,27832.0
928000000000.0,27832.0
928000000000.0,27832.0
928000000000.0,27832.0
928000000000.0,27832.0
928000000000.0,27832.0
928000000000.0,27832.0
928000000000.0,27832.0
928000000000.0,27832.0
928000000000.0,27832.0
928000000000.0,27832.0
928000000000.0,27832.0
928000000000.0,27832.0
928000000000.0,27832.0
928000000000.0,27832.0
928000000000.0,27832.0
928000000000.0,27832.0
928000000000.0,27832.0
928000000000.0,27832.0
928000000000.0,27832.0
928000000000.0,27832.0
928000000000.0,27832.0
928000000000.0,27832.0
928000000000.0,27832.0
928000000000.0,27832.0
928000000000.0,27832.0
928000000000.0,27832.0
928000000000.0,27832.0
928000000000.0,27832.0
928000000000.0,27832.0
928000000000.0,27832.0
928000000000.0,27832.0
928000000000.0,27832.0
928000000000.0,27832.0
928000000000.0,27832.0
928000000000.0,27832.0
928000000000.0,27832.0
928000000000.0,27832.0
928000000000.0,27832.0
928000000000.0,27832.0
928000000000.0,27832.0
928000000000.0,27832.0
928000000000.0,27832.0
928000000000.0,27832.0
928000000000.0,27832.0
928000000000.0,27832.0
928000000000.0,27832.0
928000000000.0,27832.0
928000000000.0,27832.0
928000000000.0,27832.0
928000000000.0,27832.0
928000000000.0,27832.0
928000000000.0,27832.0
928000000000.0,27832.0
928000000000.0,27832.0
928000000000.0,27832.0
928000000000.0,27832.0
928000000000.0,27832.0
928000000000.0,27832.0
928000000000.0,27832.0
928000000000.0,27832.0
928000000000.0,27832.0
928000000000.0,27832.0
928000000000.0,27832.0
928000000000.0,27832.0
928000000000.0,27832.0
928000000000.0,27832.0
928000000000.0,27832.0
928000000000.0,27832.0
928000000000.0,27832.0
928000000000.0,27832.0
928000000000.0,27832.0
928000000000.0,27832.0
928000000000.0,27832.0
928000000000.0,27832.0
928000000000.0,27832.0
928000000000.0,27832.0
928000000000.0,27832.0
928000000000.0,27832.0
928000000000.0,27832.0
928000000000.0,27832.0
928000000000.0,27832.0
928000000000.0,27832.0
928000000000.0,27832.0
928000000000.0,27832.0
928000000000.0,27832.0
928000000000.0,27832.0
928000000000.0,27832.0
928000000000.0,27832.0
928000000000.0,27832.0
928000000000.0,27832.0
928000000000.0,27832.0
928000000000.0,27832.0
928000000000.0,27832.0
928000000000.0,27832.0
928000000000.0,27832.0
928000000000.0,27832.0
928000000000.0,27832.0
928000000000.0,27832.0
928000000000.0,27832.0
928000000000.0,27832.0
928000000000.0,27832.0
928000000000.0,27832.0
928000000000.0,27832.0
928000000000.0,27832.0
928000000000.0,27832.0
928000000000.0,27832.0
928000000000.0,27832.0
928000000000.0,27832.0
928000000000.0,27832.0
928000000000.0,27832.0
928000000000.0,27832.0
928000000000.0,27832.0
928000000000.0,27832.0
928000000000.0,27832.0
928000000000.0,27832.0
928000000000.0,27832.0
928000000000.0,27832.0
928000000000.0,27832.0
928000000000.0,27832.0
928000000000.0,27832.0
928000000000.0,27832.0
928000000000.0,27832.0
928000000000.0,27832.0
928000000000.0,27832.0
928000000000.0,27832.0
928000000000.0,27832.0
928000000000.0,27832.0
928000000000.0,27832.0
928000000000.0,27832.0
928000000000.0,27832.0
928000000000.0,27832.0
928000000000.0,27832.0
928000000000.0,27832.0
928000000000.0,27832.0
928000000000.0,27832.0
928000000000.0,27832.0
928000000000.0,27832.0
928000000000.0,27832.0
928000000000.0,27832.0
948000000000.0,27832.0
948000000000.0,27832.0
948000000000.0,27832.0
948000000000.0,27832.0
948000000000.0,27832.0
948000000000.0,27832.0
948000000000.0,27832.0
948000000000.0,27832.0
948000000000.0,27832.0
948000000000.0,27832.0
948000000000.0,27832.0
948000000000.0,27832.0
948000000000.0,27832.0
948000000000.0,27832.0
948000000000.0,27832.0
948000000000.0,27832.0
948000000000.0,27832.0
948000000000.0,27832.0
948000000000.0,27832.0
948000000000.0,27832.0
948000000000.0,27832.0
958000000000.0,27832.0
958000000000.0,27832.0
958000000000.0,27832.0
958000000000.0,27832.0
958000000000.0,27832.0
958000000000.0,27832.0
958000000000.0,27832.0
958000000000.0,27832.0
958000000000.0,27832.0
958000000000.0,27832.0
958000000000.0,27832.0
958000000000.0,27832.0
958000000000.0,27832.0
958000000000.0,27832.0
958000000000.0,27832.0
958000000000.0,27832.0
958000000000.0,27832.0
958000000000.0,27832.0
958000000000.0,27832.0
958000000000.0,27832.0
958000000000.0,27832.0
958000000000.0,27832.0
958000000000.0,27832.0
958000000000.0,27832.0
958000000000.0,27832.0
958000000000.0,27832.0
958000000000.0,27832.0
958000000000.0,27832.0
958000000000.0,27832.0
958000000000.0,27832.0
958000000000.0,27832.0
958000000000.0,27832.0
958000000000.0,27832.0
958000000000.0,27832.0
958000000000.0,27832.0
958000000000.0,27832.0
958000000000.0,27832.0
958000000000.0,27832.0
958000000000.0,27832.0
958000000000.0,27832.0
958000000000.0,27832.0
958000000000.0,27832.0
958000000000.0,27832.0
968000000000.0,27832.0
968000000000.0,27832.0
968000000000.0,27832.0
968000000000.0,27832.0
968000000000.0,27832.0
968000000000.0,27832.0
968000000000.0,27832.0
968000000000.0,27832.0
968000000000.0,27832.0
968000000000.0,27832.0
968000000000.0,27832.0
968000000000.0,27832.0
968000000000.0,27832.0
968000000000.0,27832.0
968000000000.0,27832.0
968000000000.0,27832.0
968000000000.0,27832.0
968000000000.0,27832.0
968000000000.0,27832.0
978000000000.0,27832.0
978000000000.0,27832.0
978000000000.0,27832.0
978000000000.0,27832.0
978000000000.0,27832.0
978000000000.0,27832.0
978000000000.0,27832.0
978000000000.0,27832.0
978000000000.0,27832.0
978000000000.0,27832.0
978000000000.0,27832.0
9790311303.0,27832.0
9790350180.0,27832.0
9790360180.0,27832.0
988000000000.0,27832.0
988000000000.0,27832.0
988000000000.0,27832.0
988000000000.0,27832.0
988000000000.0,27832.0
988000000000.0,27832.0
988000000000.0,27832.0
988000000000.0,27832.0
988000000000.0,27832.0
988000000000.0,27832.0
988000000000.0,27832.0
988000000000.0,27832.0
988000000000.0,27832.0
988000000000.0,27832.0
988000000000.0,27832.0
9955500050.0,27832.0
9955500051.0,27832.0
9955500060.0,27832.0
9955500061.0,27832.0
9955500520.0,27832.0
9955500537.0,27832.0
9955500620.0,27832.0
9955500621.0,27832.0
9955500622.0,27832.0
9955500623.0,27832.0
9955500625.0,27832.0
9955500663.0,27832.0
9955500720.0,27832.0
9955500722.0,27832.0
9955500723.0,27832.0
9955500724.0,27832.0
9955500735.0,27832.0
9955500750.0,27832.0
9955500758.0,27832.0
9955500793.0,27832.0
9955500803.0,27832.0
9955500808.0,27832.0
9955500812.0,27832.0
9955500813.0,27845.0
9955500992.0,27832.0
9955500994.0,27832.0
9955500998.0,27832.0
9955500999.0,27832.0
9955501420.0,27832.0
9955501422.0,27832.0
9955501752.0,27832.0
9955501792.0,27832.0
9955501800.0,27832.0
9955501802.0,27832.0
9955501803.0,27832.0
9955501870.0,27832.0
9955501871.0,27832.0
9955501932.0,27832.0
9955504060.0,27832.0
9955504600.0,27832.0
9955504601.0,27832.0
9955504602.0,27832.0
9955504603.0,27832.0
9955504604.0,27832.0
9955504605.0,27832.0
9955504606.0,27832.0
9955504613.0,27832.0
9955504614.0,27832.0
