UPC,SourcePlanogram,Planogram
1114110002,27832,27832.0
1114110022,27832,27832.0
1114110029,27832,27832.0
1114110040,27832,27832.0
1114110196,27832,27832.0
1114110230,27832,27832.0
1114110275,27832,27832.0
1114110291,27832,27832.0
1114110526,27832,27832.0
1291901215,27832,27832.0
1291901216,27832,27832.0
1291901218,27832,27832.0
1291901220,27832,27832.0
1291901224,27832,27832.0
1291912212,27832,27832.0
1291912231,27832,27832.0
1291912261,27832,27832.0
1840031255,27845,27845.0
1840031257,27845,27845.0
2451500872,27832,27832.0
2451507291,27832,27832.0
2451507297,27832,27832.0
2451507347,27832,27832.0
2451507356,27832,27832.0
2550000034,27832,27832.0
2550000227,27832,27832.0
2550000228,27832,27832.0
2550000229,27832,27832.0
2550000233,27832,27832.0
2550000234,27832,27832.0
2550000365,27832,27832.0
2550000366,27832,27832.0
2550000371,27832,27832.0
2550000376,27832,27832.0
2550000380,27832,27832.0
2550000392,27832,27832.0
2550020040,27832,27832.0
2550020042,27832,27832.0
2550020043,27832,27832.0
2550020044,27832,27832.0
2550020121,27832,27832.0
2550020145,27832,27832.0
2550020170,27832,27832.0
2550020173,27832,27832.0
2550020188,27832,27832.0
2550020212,27832,27832.0
2550020408,27832,27832.0
2550020421,27832,27832.0
2550020496,27832,27832.0
2550020497,27832,27832.0
2550020527,27832,27832.0
2550020529,27832,27832.0
2550020532,27832,27832.0
2550020534,27832,27832.0
2550020536,27832,27832.0
2550020540,27832,27832.0
2550072909,27832,27832.0
2800025566,27832,27832.0
2800030450,27832,27832.0
2800046942,27832,27832.0
2800066850,27832,27832.0
3256100057,27832,27832.0
3256100515,27832,27832.0
3256100520,27832,27832.0
3256100540,27832,27832.0
3256100580,27832,27832.0
3256100590,27832,27832.0
3256100595,27832,27832.0
3256128353,27832,27832.0
3450063156,27845,27845.0
3570001815,27832,27832.0
3570001820,27832,27832.0
3570001855,27832,27832.0
3570001857,27832,27832.0
3570001896,27832,27832.0
3570001904,27832,27832.0
3570016261,27832,27832.0
3570016262,27832,27832.0
3570016263,27832,27832.0
3570016298,27832,27832.0
3680005691,27845,27845.0
3680005692,27845,27845.0
3680018285,27832,27832.0
3680029189,27832,27832.0
3680034313,27832,27832.0
3680037972,27832,27832.0
3680037973,27832,27832.0
3680039714,27845,27845.0
3680075032,27845,27845.0
4100032818,27832,27832.0
4127102590,27845,27845.0
4127102591,27845,27845.0
4200043295,27845,27845.0
4300000332,27845,27845.0
4300000333,27845,27845.0
4300000487,27845,27845.0
4300002922,27832,27832.0
4300002945,27832,27832.0
4300002946,27832,27832.0
4300002948,27832,27832.0
4300002949,27832,27832.0
4300002951,27832,27832.0
4300004296,27832,27832.0
4300004297,27832,27832.0
4300004298,27832,27832.0
4300004299,27832,27832.0
4300004300,27832,27832.0
4300004301,27832,27832.0
4300004648,27832,27832.0
4300004650,27832,27832.0
4300004651,27832,27832.0
4300004652,27832,27832.0
4300004656,27832,27832.0
4300004657,27832,27832.0
4300004660,27832,27832.0
4300004981,27832,27832.0
4300004986,27832,27832.0
4300004992,27832,27832.0
4300004998,27832,27832.0
4300005000,27832,27832.0
4300005001,27832,27832.0
4300005133,27832,27832.0
4300005530,27832,27832.0
4300005532,27832,27832.0
4300005533,27832,27832.0
4300005534,27832,27832.0
4300005535,27832,27832.0
4300005764,27832,27832.0
4300005772,27832,27832.0
4300005779,27832,27832.0
4300006064,27832,27832.0
4300006065,27832,27832.0
4300006086,27832,27832.0
4300006190,27832,27832.0
4300006194,27832,27832.0
4300006313,27832,27832.0
4300006314,27832,27832.0
4300006315,27832,27832.0
4300006316,27832,27832.0
4300006346,27832,27832.0
4300006352,27832,27832.0
4300006353,27832,27832.0
4300006702,27832,27832.0
4300070590,27832,27832.0
4300070865,27832,27832.0
4300070992,27832,27832.0
4300079460,27832,27845.0
4300079470,27832,27845.0
4790010723,27832,27832.0
5000004595,27845,27845.0
5000020708,27845,27845.0
5000030132,27845,27845.0
5000030152,27845,27845.0
5000030162,27845,27845.0
5000030212,27845,27845.0
5000030302,27845,27845.0
5000030622,27845,27845.0
5000031474,27845,27845.0
5000033480,27845,27845.0
5000034101,27845,27845.0
5000034103,27845,27845.0
5000034934,27845,27845.0
5000038825,27845,27845.0
5000045817,27845,27845.0
5000052517,27845,27845.0
5000056024,27845,27845.0
5000060236,27845,27845.0
5000069225,27845,27845.0
5100021305,27832,27832.0
5100021307,27832,27832.0
5150025627,27845,27845.0
5543761241,27845,27845.0
5543762270,27845,27845.0
5543762275,27845,27845.0
5543762410,27845,27845.0
5543762440,27845,27845.0
5543762441,27845,27845.0
5543762460,27845,27845.0
5543762909,27845,27845.0
5543762912,27845,27845.0
5543762952,27845,27845.0
5543762955,27845,27845.0
5543763118,27845,27845.0
5543766358,27845,27845.0
7017751304,27832,27832.0
7017751305,27836,27832.0
7017751541,27832,27832.0
7056800051,27832,27832.0
7056800053,27832,27832.0
7056810025,27832,27832.0
7056820312,27832,27832.0
7056831203,27832,27832.0
7056831209,27832,27832.0
7056850040,27832,27832.0
7103800044,27832,27832.0
7103800141,27832,27832.0
7103800145,27832,27832.0
7103801215,27832,27832.0
7103801217,27832,27832.0
7447101720,27832,27832.0
7447110101,27832,27832.0
7447111393,27832,27832.0
7510100571,27832,27832.0
7732447052,27832,27832.0
7732447059,27832,27832.0
9955501250,27832,27832.0
9955508003,27836,27832.0
9955508050,27832,27832.0
9955508051,27832,27832.0
9955508061,27832,27832.0
9955508205,27832,27832.0
9955508206,27832,27832.0
9955508207,27832,27832.0
9955508208,27832,27832.0
9955508225,27832,27832.0
9955508300,27832,27832.0
9955508308,27832,27832.0
9955508516,27832,27832.0
9955508520,27832,27832.0
9955508527,27832,27832.0
9955508534,27832,27832.0
9955508588,27832,27832.0
9955508589,27832,27832.0
9955508652,27832,27832.0
9955508654,27832,27832.0
9955508663,27836,27832.0
9955508723,27832,27832.0
9955508792,27836,27832.0
9955508832,27832,27832.0
9955508922,27832,27832.0
9955508934,27832,27832.0
9955508999,27832,27832.0
9955509734,27832,27832.0
9955509849,27836,27832.0
60788001091,27832,27832.0
60788001092,27832,27832.0
60788001221,27845,27845.0
60788001222,27845,27845.0
60788001223,27845,27845.0
60788001224,27845,27845.0
60788002216,27832,27832.0
60788002217,27832,27832.0
60788002218,27832,27832.0
60788002220,27832,27832.0
60788002222,27832,27832.0
60788002223,27832,27832.0
60788002224,27832,27832.0
60788002225,27832,27832.0
60788002316,27832,27832.0
60788002321,27832,27832.0
60788002323,27832,27832.0
60788002324,27832,27832.0
60788002371,27845,27845.0
60788002375,27845,27845.0
60788002376,27845,27845.0
60788002793,27832,27832.0
60788002794,27832,27832.0
60788002795,27832,27832.0
60788002947,27845,27845.0
60788002948,27845,27845.0
60788003168,27832,27832.0
60788003169,27832,27832.0
60788003170,27832,27832.0
60788003171,27832,27832.0
60788003280,27832,27832.0
60788003281,27832,27832.0
60788003282,27832,27832.0
60788003283,27832,27832.0
60788003284,27832,27832.0
60788003286,27832,27832.0
60788003287,27832,27832.0
60788003288,27832,27832.0
60788003360,27832,27832.0
60788003361,27832,27832.0
60788003362,27832,27832.0
60788003363,27832,27832.0
60788003364,27832,27832.0
60788003365,27832,27832.0
60788012093,27845,27845.0
60788012095,27845,27845.0
63976773458,27832,27832.0
63976773463,27832,27832.0
63976773466,27832,27832.0
63976773469,27832,27832.0
64964520091,27836,27836.0
72253859000,27832,27832.0
72253859503,27832,27832.0
72253859507,27832,27832.0
75211606009,27832,27832.0
75211606011,27832,27832.0
76211100109,27832,27832.0
76211100139,27832,27832.0
76211120605,27832,27832.0
76211120611,27832,27832.0
76211120613,27832,27832.0
76211120625,27832,27832.0
76211162287,27832,27832.0
76211162290,27832,27832.0
76211162291,27832,27832.0
76211176611,27832,27832.0
76211179575,27832,27832.0
76211188810,27832,27832.0
76211188811,27832,27832.0
76211188812,27832,27832.0
76211188813,27832,27832.0
76211188818,27832,27832.0
76211188997,27832,27832.0
76211189531,27832,27832.0
76211193025,27832,27832.0
76211194958,27832,27832.0
76211194960,27832,27832.0
76211196679,27832,27832.0
76211198639,27832,27832.0
76604700407,27832,27832.0
76604700409,27832,27832.0
76604700433,27832,27832.0
76604700434,27832,27832.0
76604700435,27832,27832.0
76604700436,27832,27832.0
78260516106,27832,27832.0
78260516107,27832,27832.0
78260516110,27832,27832.0
78260516150,27832,27832.0
78260516152,27832,27832.0
78778020000,27832,27832.0
78778020018,27832,27832.0
78778077010,27832,27832.0
78778077014,27832,27832.0
78778077016,27832,27832.0
78778077018,27832,27832.0
78778077024,27832,27832.0
78778077039,27832,27832.0
78778077042,27832,27832.0
78778077054,27832,27832.0
78778077056,27832,27832.0
81468101196,27832,27832.0
81468101227,27832,27832.0
81468101228,27832,27832.0
81468101230,27832,27832.0
81693200850,27832,27832.0
81693200853,27832,27832.0
81693200856,27832,27832.0
81693200859,27832,27832.0
81693290041,27832,27832.0
81693290042,27832,27832.0
81693290043,27832,27832.0
88133400046,27832,27832.0
88133400047,27832,27832.0
88133400048,27832,27832.0
88133400049,27832,27832.0
88133400051,27832,27832.0
88133400070,27832,27832.0
88133400136,27832,27832.0
88133400212,27832,27832.0
88133400298,27832,27832.0
88133400299,27832,27832.0
88133400300,27832,27832.0
88133400301,27832,27832.0
